,aff_dist_func,aff_k,aff_mask_func,aff_sigma,algorithm,alpha,can_plot,corruption_level,dataset,elapsed_time,labeled_percent,mu,tuning_iter,experiments,mean_acc,sd_acc
0,gaussian,15.0,knn,0.2,LGC,0.99,False,0.35,spiral_hard,10.06674861907959,0.1,,,20,0.7843333333333333,0.05883441925343437
1,gaussian,15.0,knn,0.2,LDST,,False,0.3,spiral_hard,44.23156642913818,0.01,99.0,1.0,20,0.8027666666666666,0.3098208998760413
2,gaussian,15.0,knn,0.2,LDST,,False,0.3,spiral_hard,20.781447410583496,0.05,99.0,0.25,20,0.8461333333333334,0.27614461589697686
3,gaussian,15.0,knn,0.2,LGC,0.9,False,0.4,spiral,1.6984748840332031,0.01,,,20,0.6279,0.0708736826254209
4,gaussian,15.0,knn,0.2,LDST,,False,0.0,spiral_hard,42.27739429473878,0.05,99.0,0.5,20,0.9730666666666667,0.060360914505994706
5,gaussian,15.0,knn,0.2,LGC,0.99,False,0.1,spiral,8.066514015197754,0.1,,,20,0.9994,0.0026153393661244068
6,gaussian,15.0,knn,0.2,LGC,0.9,False,0.25,spiral,9.17469835281372,0.01,,,20,0.7272000000000001,0.06636786370927825
7,gaussian,15.0,knn,0.2,LDST,,False,0.15,spiral_hard,41.36713218688965,0.1,99.0,0.1,20,0.9758333333333334,0.003154362059117487
8,gaussian,15.0,knn,0.2,LGC,0.9990000000000001,False,0.15,spiral,6.752957105636598,0.01,,,20,0.9798333333333333,0.038852355855926606
9,gaussian,15.0,knn,0.2,LDST,,False,0.0,spiral_hard,20.10361242294311,0.01,99.0,0.25,20,0.8851666666666667,0.20256794470552894
10,gaussian,15.0,knn,0.2,LDST,,False,0.35,spiral_hard,43.4737811088562,0.05,99.0,0.5,20,0.8547,0.24865285707856513
11,gaussian,15.0,knn,0.2,LGC,0.4,False,0.25,spiral_hard,0.2173748016357422,0.5,,,20,0.8466333333333335,0.005904706220935594
12,gaussian,15.0,knn,0.2,LGC,0.4,False,0.25,spiral_hard,1.214838981628418,0.05,,,20,0.7452000000000001,0.02667133292507142
13,gaussian,15.0,knn,0.2,GTAM,,False,0.25,spiral,46.558119773864746,0.1,99.0,0.0,20,0.969166666666667,0.023973944189473732
14,gaussian,15.0,knn,0.2,GTAM,,False,0.3,spiral_hard,34.88062596321106,0.5,99.0,0.0,20,0.8342666666666666,0.008056467381344426
15,gaussian,15.0,knn,0.2,LGC,0.2,False,0.1,spiral_hard,8.95658612251282,0.05,,,20,0.8602666666666666,0.02459936765221596
16,gaussian,15.0,knn,0.2,LGC,0.2,False,0.3,spiral,10.419270992279053,0.05,,,20,0.7198666666666667,0.020484791106249213
17,gaussian,15.0,knn,0.2,LDST,,False,0.3,spiral,36.939687967300415,0.5,99.0,0.5,20,0.9347,0.014973272484293136
18,gaussian,15.0,knn,0.2,LGC,0.2,False,0.35,spiral,4.50690770149231,0.5,,,20,0.7446666666666666,0.010620734437881408
19,gaussian,15.0,knn,0.2,LDST,,False,0.15,spiral,50.30077242851257,0.1,99.0,1.0,20,0.9972,0.003442221504913451
20,gaussian,15.0,knn,0.2,LDST,,False,0.15,spiral_hard,45.332669258117676,0.05,99.0,0.5,20,0.9224,0.1660929324872742
21,gaussian,15.0,knn,0.2,LDST,,False,0.3,spiral,13.844527244567873,0.05,99.0,0.1,20,0.8421666666666667,0.30242419619541766
22,gaussian,15.0,knn,0.2,LGC,0.99,False,0.15,spiral_hard,8.026359081268309,0.5,,,20,0.9877999999999998,0.0014313940369055735
23,gaussian,15.0,knn,0.2,LGC,0.9,False,0.1,spiral,5.99211859703064,0.01,,,20,0.8451333333333334,0.05147301342559139
24,gaussian,15.0,knn,0.2,LDST,,False,0.1,spiral,45.97099161148071,0.01,99.0,0.5,20,0.8746999999999998,0.2656530297629263
25,gaussian,15.0,knn,0.2,LGC,0.0001,False,0.35,spiral,6.815940618515015,0.1,,,20,0.6852666666666667,0.025724091604736786
26,gaussian,15.0,knn,0.2,LDST,,False,0.3,spiral,21.584028720855713,0.05,99.0,0.25,20,0.8424333333333334,0.30256086807267213
27,gaussian,15.0,knn,0.2,LGC,0.2,False,0.4,spiral_hard,8.515784502029419,0.1,,,20,0.6125999999999999,0.02275170323294499
28,gaussian,15.0,knn,0.2,LGC,0.9,False,0.3,spiral,2.937744140625,0.05,,,20,0.7743333333333332,0.0276377358776808
29,gaussian,15.0,knn,0.2,LGC,0.9990000000000001,False,0.3,spiral_hard,7.266947031021117,0.5,,,20,0.8854333333333333,0.08945819011011667
30,gaussian,15.0,knn,0.2,LGC,0.9990000000000001,False,0.15,spiral_hard,7.835600137710571,0.5,,,20,0.9782666666666666,0.0122409149984795
31,gaussian,15.0,knn,0.2,GTAM,,False,0.25,spiral_hard,21.80695629119873,0.1,99.0,0.0,20,0.9578000000000003,0.015650488100304675
32,gaussian,15.0,knn,0.2,LGC,0.0001,False,0.3,spiral_hard,9.48921036720276,0.5,,,20,0.7847666666666666,0.008900124843069469
33,gaussian,15.0,knn,0.2,LGC,0.9990000000000001,False,0.0,spiral_hard,8.536711692810059,0.05,,,20,0.8323666666666668,0.09957386426389431
34,gaussian,15.0,knn,0.2,LDST,,False,0.35,spiral_hard,46.33785843849182,0.1,99.0,0.5,20,0.9277999999999998,0.1150995897280071
35,gaussian,15.0,knn,0.2,LGC,0.0001,False,0.0,spiral_hard,11.518725872039795,0.1,,,20,0.9756,0.0037261836299952358
36,gaussian,15.0,knn,0.2,LDST,,False,0.2,spiral,52.8410484790802,0.01,99.0,1.0,20,0.8192666666666666,0.33620350318751224
37,gaussian,15.0,knn,0.2,LGC,0.4,False,0.3,spiral_hard,1.1957154273986816,0.5,,,20,0.8019999999999999,0.010334408546211059
38,gaussian,15.0,knn,0.2,LDST,,False,0.15,spiral,20.652981996536255,0.05,99.0,0.1,20,0.9815333333333335,0.05679244863731639
39,gaussian,15.0,knn,0.2,GTAM,,False,0.15,spiral,43.88222336769104,0.01,99.0,0.0,20,0.9607666666666667,0.16520226996019158
40,gaussian,15.0,knn,0.2,LDST,,False,0.1,spiral,33.73857450485229,0.5,99.0,0.25,20,0.9707666666666667,0.0015531330342962429
41,gaussian,15.0,knn,0.2,LGC,0.4,False,0.35,spiral,1.885868549346924,0.5,,,20,0.7545333333333334,0.011693492967363411
42,gaussian,15.0,knn,0.2,LDST,,False,0.1,spiral_hard,44.30769658088684,0.01,99.0,1.0,20,0.8211666666666668,0.27053115450083665
43,gaussian,15.0,knn,0.2,LGC,0.0001,False,0.35,spiral,8.720568895339966,0.01,,,20,0.6536333333333333,0.06264910214839474
44,gaussian,15.0,knn,0.2,LDST,,False,0.1,spiral_hard,20.6007080078125,0.05,99.0,0.25,20,0.9297333333333334,0.16060599130930467
45,gaussian,15.0,knn,0.2,LGC,0.99,False,0.4,spiral_hard,7.291926383972168,0.5,,,20,0.8694000000000001,0.04863601774633922
46,gaussian,15.0,knn,0.2,LGC,0.99,False,0.25,spiral,8.450489282608032,0.1,,,20,0.9896,0.014614148395761289
47,gaussian,15.0,knn,0.2,GTAM,,False,0.2,spiral_hard,44.80169224739075,0.01,99.0,0.0,20,0.8404666666666667,0.24390099084122915
48,gaussian,15.0,knn,0.2,LGC,0.2,False,0.15,spiral,5.863915205001831,0.5,,,20,0.9225999999999999,0.002581128091014122
49,gaussian,15.0,knn,0.2,LDST,,False,0.2,spiral,49.95869278907776,0.01,99.0,0.75,20,0.8192666666666666,0.33620350318751224
50,gaussian,15.0,knn,0.2,LGC,0.0001,False,0.4,spiral,8.354663848876951,0.01,,,20,0.6137666666666666,0.08012664281553851
51,gaussian,15.0,knn,0.2,GTAM,,False,0.25,spiral,19.862086772918698,0.05,99.0,0.0,20,0.9679333333333331,0.058323580137025155
52,gaussian,15.0,knn,0.2,LDST,,False,0.4,spiral,48.339314699172974,0.1,99.0,0.75,20,0.8220333333333334,0.2927158254082694
53,gaussian,15.0,knn,0.2,LGC,0.9990000000000001,False,0.15,spiral_hard,6.041993141174316,0.01,,,20,0.6210666666666667,0.06522487596342706
54,gaussian,15.0,knn,0.2,LDST,,False,0.4,spiral_hard,12.245849609375,0.05,99.0,1.0,20,0.6249,0.34471555262596176
55,gaussian,15.0,knn,0.2,GTAM,,False,0.3,spiral,42.132508754730225,0.1,99.0,0.0,20,0.9618000000000002,0.032837038708006416
56,gaussian,15.0,knn,0.2,LGC,0.2,False,0.4,spiral,2.05820631980896,0.5,,,20,0.6738333333333333,0.013748333232311012
57,gaussian,15.0,knn,0.2,LDST,,False,0.2,spiral,44.84111738204956,0.05,99.0,0.5,20,0.921766666666667,0.22135544819236874
58,gaussian,15.0,knn,0.2,LGC,0.0001,False,0.35,spiral_hard,8.669473648071289,0.1,,,20,0.6650333333333333,0.022781547113593675
59,gaussian,15.0,knn,0.2,LGC,0.99,False,0.1,spiral,4.807891130447388,0.01,,,20,0.8863000000000001,0.053402652867936565
60,gaussian,15.0,knn,0.2,LGC,0.99,False,0.15,spiral,8.511831521987915,0.1,,,20,0.9992666666666665,0.002905167809266759
61,gaussian,15.0,knn,0.2,LGC,0.9990000000000001,False,0.1,spiral_hard,7.569060564041138,0.5,,,20,0.9813333333333334,0.005910442735813744
62,gaussian,15.0,knn,0.2,GTAM,,False,0.35,spiral,18.991172790527344,0.05,99.0,0.0,20,0.8563333333333334,0.2963160849873362
63,gaussian,15.0,knn,0.2,LDST,,False,0.4,spiral,13.172612428665161,0.01,99.0,0.1,20,0.6994999999999999,0.3854550485393134
64,gaussian,15.0,knn,0.2,LGC,0.9,False,0.4,spiral,2.4804704189300537,0.5,,,20,0.8062000000000001,0.015690195098284235
65,gaussian,15.0,knn,0.2,LDST,,False,0.3,spiral_hard,29.80490684509277,0.5,99.0,0.25,20,0.8837333333333334,0.013081624092171756
66,gaussian,15.0,knn,0.2,LGC,0.4,False,0.1,spiral,1.4654440879821775,0.05,,,20,0.9077999999999999,0.02237866047028829
67,gaussian,15.0,knn,0.2,LGC,0.2,False,0.1,spiral,9.449309587478636,0.5,,,20,0.9482666666666667,0.002133333333333321
68,gaussian,15.0,knn,0.2,LGC,0.0001,False,0.25,spiral,8.358447074890138,0.05,,,20,0.7493000000000001,0.034730374154173585
69,gaussian,15.0,knn,0.2,LGC,0.9,False,0.35,spiral,1.471010684967041,0.05,,,20,0.7044,0.04659823554122577
70,gaussian,15.0,knn,0.2,LDST,,False,0.2,spiral_hard,22.38121700286865,0.05,99.0,1.0,20,0.8838333333333332,0.2316799396677331
71,gaussian,15.0,knn,0.2,LGC,0.2,False,0.2,spiral_hard,7.320907115936278,0.05,,,20,0.7904,0.025740068203311175
72,gaussian,15.0,knn,0.2,GTAM,,False,0.0,spiral,21.443376779556274,0.05,99.0,0.0,20,1.0,0.0
73,gaussian,15.0,knn,0.2,LGC,0.2,False,0.25,spiral_hard,2.7369608879089355,0.1,,,20,0.7749333333333335,0.023838717340587866
74,gaussian,15.0,knn,0.2,LDST,,False,0.1,spiral,22.046277046203613,0.05,99.0,0.25,20,0.9972999999999999,0.0005364492313143814
75,gaussian,15.0,knn,0.2,LDST,,False,0.35,spiral,47.88492727279663,0.01,99.0,0.75,20,0.6208,0.3724981491378328
76,gaussian,15.0,knn,0.2,GTAM,,False,0.1,spiral_hard,19.640242338180546,0.05,99.0,0.0,20,0.9801333333333334,0.003377046704510353
77,gaussian,15.0,knn,0.2,LDST,,False,0.2,spiral,41.18466901779175,0.01,99.0,0.1,20,0.961,0.09090740099439404
78,gaussian,15.0,knn,0.2,LDST,,False,0.0,spiral,46.57641768455506,0.1,99.0,0.5,20,1.0,0.0
79,gaussian,15.0,knn,0.2,LGC,0.99,False,0.4,spiral,8.009811639785768,0.05,,,20,0.7661,0.058186777803132486
80,gaussian,15.0,knn,0.2,LDST,,False,0.15,spiral_hard,44.25069093704224,0.01,99.0,1.0,20,0.8698666666666666,0.23717753313124373
81,gaussian,15.0,knn,0.2,LGC,0.4,False,0.3,spiral_hard,1.532918930053711,0.05,,,20,0.7114,0.021180599089208444
82,gaussian,15.0,knn,0.2,GTAM,,False,0.25,spiral_hard,20.754456043243405,0.05,99.0,0.0,20,0.8754000000000002,0.18671188737969766
83,gaussian,15.0,knn,0.2,LGC,0.9,False,0.4,spiral_hard,1.3314330577850342,0.5,,,20,0.7748666666666667,0.018128062959584683
84,gaussian,15.0,knn,0.2,GTAM,,False,0.35,spiral_hard,14.838392972946167,0.5,99.0,0.0,20,0.7876666666666667,0.017582187956376016
85,gaussian,15.0,knn,0.2,LDST,,False,0.1,spiral,43.476335287094116,0.1,99.0,0.5,20,0.9957,0.001219744964235486
86,gaussian,15.0,knn,0.2,LGC,0.9990000000000001,False,0.35,spiral_hard,11.198979139328003,0.01,,,20,0.5644,0.0738684716987641
87,gaussian,15.0,knn,0.2,LGC,0.99,False,0.0,spiral,5.1925437450408936,0.01,,,20,0.9942666666666666,0.011582362069591427
88,gaussian,15.0,knn,0.2,LDST,,False,0.2,spiral,39.05015015602112,0.5,99.0,0.75,20,0.9810000000000002,0.004772607021092074
89,gaussian,15.0,knn,0.2,LGC,0.9,False,0.35,spiral,1.2628941535949707,0.5,,,20,0.905,0.014347280036454422
90,gaussian,15.0,knn,0.2,LGC,0.0001,False,0.2,spiral_hard,10.091387510299684,0.05,,,20,0.7832,0.025504335143483187
91,gaussian,15.0,knn,0.2,LDST,,False,0.2,spiral_hard,46.53585147857666,0.05,99.0,0.5,20,0.8838333333333332,0.2316799396677331
92,gaussian,15.0,knn,0.2,LDST,,False,0.2,spiral_hard,45.9254515171051,0.1,99.0,0.25,20,0.9313,0.13735962127042853
93,gaussian,15.0,knn,0.2,GTAM,,False,0.25,spiral,41.209357738494866,0.01,99.0,0.0,20,0.9206666666666665,0.23003487658275742
94,gaussian,15.0,knn,0.2,LGC,0.2,False,0.25,spiral_hard,3.3105828762054443,0.01,,,20,0.6180000000000001,0.05156656970471384
95,gaussian,15.0,knn,0.2,LGC,0.99,False,0.0,spiral_hard,9.106367111206056,0.05,,,20,0.9700000000000001,0.016535483731122645
96,gaussian,15.0,knn,0.2,LDST,,False,0.2,spiral,45.42437171936035,0.01,99.0,0.25,20,0.961,0.09090740099439404
97,gaussian,15.0,knn,0.2,LGC,0.2,False,0.3,spiral_hard,10.301406145095823,0.01,,,20,0.6066333333333331,0.060077163344781484
98,gaussian,15.0,knn,0.2,LDST,,False,0.4,spiral_hard,12.884973764419556,0.5,99.0,0.25,20,0.7619,0.050206363031879614
99,gaussian,15.0,knn,0.2,LGC,0.9990000000000001,False,0.15,spiral,4.80258321762085,0.05,,,20,1.0,0.0
100,gaussian,15.0,knn,0.2,LDST,,False,0.1,spiral,44.994953632354736,0.1,99.0,0.25,20,0.9928333333333335,0.0009398581453248222
101,gaussian,15.0,knn,0.2,LGC,0.2,False,0.35,spiral,5.757950305938722,0.05,,,20,0.6550999999999999,0.033077199263406666
102,gaussian,15.0,knn,0.2,LGC,0.9990000000000001,False,0.0,spiral,5.302830457687378,0.1,,,20,1.0,0.0
103,gaussian,15.0,knn,0.2,LGC,0.4,False,0.3,spiral,7.001574754714966,0.1,,,20,0.7385666666666667,0.02242942016390278
104,gaussian,15.0,knn,0.2,LDST,,False,0.15,spiral,44.31148600578308,0.05,99.0,0.5,20,0.9560333333333333,0.17543513837819882
105,gaussian,15.0,knn,0.2,LDST,,False,0.25,spiral,17.114471673965454,0.05,99.0,0.1,20,0.9550666666666666,0.16802610908228915
106,gaussian,15.0,knn,0.2,LDST,,False,0.3,spiral,46.40157842636109,0.01,99.0,0.1,20,0.8869333333333334,0.2143684678305091
107,gaussian,15.0,knn,0.2,LGC,0.2,False,0.15,spiral,7.212925672531128,0.1,,,20,0.9030999999999999,0.018689599008836724
108,gaussian,15.0,knn,0.2,LGC,0.2,False,0.3,spiral,6.052924156188965,0.01,,,20,0.7407,0.05181440168739019
109,gaussian,15.0,knn,0.2,LDST,,False,0.25,spiral_hard,15.503569841384888,0.5,99.0,0.1,20,0.8865666666666667,0.008829936453779153
110,gaussian,15.0,knn,0.2,LGC,0.9990000000000001,False,0.4,spiral_hard,2.300403118133545,0.5,,,20,0.7248666666666668,0.08699274554684304
111,gaussian,15.0,knn,0.2,LDST,,False,0.15,spiral_hard,14.961618185043335,0.05,99.0,0.1,20,0.8933,0.2107982157841422
112,gaussian,15.0,knn,0.2,LDST,,False,0.25,spiral_hard,31.746239423751828,0.01,99.0,0.5,20,0.6696000000000001,0.3276782568313009
113,gaussian,15.0,knn,0.2,LDST,,False,0.15,spiral_hard,46.106059074401855,0.01,99.0,0.5,20,0.8698666666666666,0.23717753313124373
114,gaussian,15.0,knn,0.2,LDST,,False,0.35,spiral_hard,10.500531435012816,0.05,99.0,1.0,20,0.8547,0.24865285707856513
115,gaussian,15.0,knn,0.2,LGC,0.9,False,0.35,spiral_hard,2.5762884616851807,0.1,,,20,0.7479,0.030065317782011422
116,gaussian,15.0,knn,0.2,LGC,0.0001,False,0.3,spiral,8.159627437591553,0.05,,,20,0.7156333333333333,0.022491949176933895
117,gaussian,15.0,knn,0.2,LDST,,False,0.1,spiral,33.989403486251824,0.5,99.0,1.0,20,0.9923666666666666,0.0027444894283313176
118,gaussian,15.0,knn,0.2,LDST,,False,0.4,spiral_hard,12.201152086257935,0.01,99.0,1.0,20,0.6184666666666667,0.37225081747541017
119,gaussian,15.0,knn,0.2,LGC,0.2,False,0.35,spiral_hard,7.007026433944702,0.5,,,20,0.7328333333333333,0.010964336125213702
120,gaussian,15.0,knn,0.2,GTAM,,False,0.2,spiral,20.136916875839233,0.05,99.0,0.0,20,0.9899999999999997,3.3306690738754696e-16
121,gaussian,15.0,knn,0.2,LDST,,False,0.1,spiral,46.488600492477424,0.1,99.0,1.0,20,0.9979333333333333,0.002318045153428469
122,gaussian,15.0,knn,0.2,GTAM,,False,0.25,spiral_hard,22.09483242034912,0.01,99.0,0.0,20,0.7692333333333334,0.29989296423890976
123,gaussian,15.0,knn,0.2,LDST,,False,0.4,spiral_hard,46.424355030059814,0.05,99.0,0.75,20,0.6249,0.34471555262596176
124,gaussian,15.0,knn,0.2,LDST,,False,0.2,spiral,47.95307755470276,0.1,99.0,0.75,20,0.9969333333333333,0.004859812524961995
125,gaussian,15.0,knn,0.2,LDST,,False,0.15,spiral,43.93976211547852,0.05,99.0,0.75,20,0.9560333333333333,0.17543513837819882
126,gaussian,15.0,knn,0.2,LGC,0.9,False,0.0,spiral,1.2181332111358645,0.05,,,20,0.9988666666666667,0.004940085469346085
127,gaussian,15.0,knn,0.2,LGC,0.99,False,0.25,spiral_hard,5.85629677772522,0.5,,,20,0.9823666666666668,0.011247666424641136
128,gaussian,15.0,knn,0.2,LGC,0.9990000000000001,False,0.4,spiral,2.8425700664520264,0.5,,,20,1.0,0.0
129,gaussian,15.0,knn,0.2,LGC,0.2,False,0.1,spiral,10.49958086013794,0.01,,,20,0.8318666666666668,0.05371223738073516
130,gaussian,15.0,knn,0.2,LDST,,False,0.15,spiral_hard,41.7026846408844,0.01,99.0,0.1,20,0.8698666666666666,0.23717753313124373
131,gaussian,15.0,knn,0.2,LGC,0.9,False,0.3,spiral_hard,10.744622945785522,0.5,,,20,0.9338,0.009709331136134538
132,gaussian,15.0,knn,0.2,GTAM,,False,0.3,spiral,29.78045201301575,0.5,99.0,0.0,20,0.8443333333333332,0.007319684267629169
133,gaussian,15.0,knn,0.2,GTAM,,False,0.0,spiral_hard,11.645502805709839,0.01,99.0,0.0,20,0.9618666666666666,0.10186627399575278
134,gaussian,15.0,knn,0.2,LDST,,False,0.4,spiral_hard,47.82332730293274,0.1,99.0,0.75,20,0.9256333333333335,0.10496400970491426
135,gaussian,15.0,knn,0.2,LGC,0.4,False,0.0,spiral,9.103961944580078,0.1,,,20,1.0,0.0
136,gaussian,15.0,knn,0.2,LDST,,False,0.15,spiral_hard,20.571040153503414,0.05,99.0,0.25,20,0.9221666666666668,0.1657182180020585
137,gaussian,15.0,knn,0.2,LGC,0.4,False,0.15,spiral,2.459552526473999,0.05,,,20,0.8520666666666665,0.025084656664981487
138,gaussian,15.0,knn,0.2,LGC,0.9990000000000001,False,0.2,spiral,3.872493743896485,0.5,,,20,1.0,0.0
139,gaussian,15.0,knn,0.2,LGC,0.9990000000000001,False,0.1,spiral_hard,6.193730592727661,0.1,,,20,0.8172333333333333,0.1071790350560946
140,gaussian,15.0,knn,0.2,LGC,0.9990000000000001,False,0.1,spiral,9.173571109771727,0.05,,,20,1.0,0.0
141,gaussian,15.0,knn,0.2,LDST,,False,0.2,spiral,34.79471707344055,0.5,99.0,0.1,20,0.9175333333333333,0.001536229149573716
142,gaussian,15.0,knn,0.2,LGC,0.9,False,0.4,spiral,1.4899556636810305,0.05,,,20,0.6424333333333334,0.035821331323357845
143,gaussian,15.0,knn,0.2,LDST,,False,0.4,spiral_hard,3.486447811126709,0.5,99.0,0.1,20,0.7387666666666666,0.03181912422846779
144,gaussian,15.0,knn,0.2,LGC,0.9,False,0.35,spiral,2.4916229248046875,0.1,,,20,0.7824,0.03473032616540703
145,gaussian,15.0,knn,0.2,LGC,0.99,False,0.3,spiral,6.67648458480835,0.5,,,20,0.9999,0.0004358898943540677
146,gaussian,15.0,knn,0.2,LGC,0.9,False,0.25,spiral,8.467727422714232,0.1,,,20,0.8783000000000001,0.029898699339975004
147,gaussian,15.0,knn,0.2,LDST,,False,0.25,spiral,40.69972658157349,0.5,99.0,0.75,20,0.9738666666666667,0.008683573253243409
148,gaussian,15.0,knn,0.2,LGC,0.0001,False,0.2,spiral,5.290753364562988,0.5,,,20,0.8875666666666667,0.00463932466349718
149,gaussian,15.0,knn,0.2,LGC,0.0001,False,0.1,spiral,8.027281761169434,0.1,,,20,0.9150666666666666,0.01615398127741613
150,gaussian,15.0,knn,0.2,LGC,0.9990000000000001,False,0.2,spiral_hard,8.550166606903076,0.05,,,20,0.6897,0.0856936338877567
151,gaussian,15.0,knn,0.2,LDST,,False,0.1,spiral,33.578553915023804,0.5,99.0,0.75,20,0.9881333333333334,0.0033439829877291464
152,gaussian,15.0,knn,0.2,GTAM,,False,0.4,spiral,20.98310160636902,0.1,99.0,0.0,20,0.8468000000000002,0.19664176113486737
153,gaussian,15.0,knn,0.2,LGC,0.4,False,0.1,spiral,10.664199352264404,0.5,,,20,0.9486666666666664,0.0018378731669453495
154,gaussian,15.0,knn,0.2,LGC,0.2,False,0.3,spiral,9.425377130508425,0.1,,,20,0.7282333333333334,0.022317183215331316
155,gaussian,15.0,knn,0.2,LDST,,False,0.0,spiral,30.842600107192997,0.5,99.0,0.75,20,1.0,0.0
156,gaussian,15.0,knn,0.2,LDST,,False,0.2,spiral,46.57874870300293,0.1,99.0,1.0,20,0.9969333333333333,0.004859812524961995
157,gaussian,15.0,knn,0.2,LDST,,False,0.3,spiral,41.32140040397643,0.5,99.0,0.75,20,0.9571666666666667,0.02686333726268742
158,gaussian,15.0,knn,0.2,LDST,,False,0.3,spiral,47.82791090011597,0.01,99.0,0.75,20,0.7216333333333333,0.3937379543131023
159,gaussian,15.0,knn,0.2,GTAM,,False,0.1,spiral,42.96844220161438,0.1,99.0,0.0,20,0.9893333333333334,2.220446049250313e-16
160,gaussian,15.0,knn,0.2,GTAM,,False,0.15,spiral,31.244436979293823,0.5,99.0,0.0,20,0.9253333333333333,1.1102230246251565e-16
161,gaussian,15.0,knn,0.2,LGC,0.99,False,0.1,spiral_hard,9.234646797180176,0.01,,,20,0.7025666666666668,0.06505699210862906
162,gaussian,15.0,knn,0.2,LDST,,False,0.3,spiral,11.734771966934204,0.05,99.0,1.0,20,0.9116666666666667,0.211662572138875
163,gaussian,15.0,knn,0.2,LGC,0.9990000000000001,False,0.15,spiral_hard,7.346466541290282,0.1,,,20,0.8523333333333334,0.10044246556556088
164,gaussian,15.0,knn,0.2,LDST,,False,0.1,spiral,19.706498861312863,0.05,99.0,0.1,20,0.9960999999999999,0.0006420453428086653
165,gaussian,15.0,knn,0.2,LGC,0.99,False,0.1,spiral,5.099161386489868,0.05,,,20,0.9955000000000002,0.008625221414227233
166,gaussian,15.0,knn,0.2,LDST,,False,0.1,spiral_hard,36.81067633628845,0.5,99.0,0.75,20,0.9781999999999998,0.0029295430056959365
167,gaussian,15.0,knn,0.2,LDST,,False,0.3,spiral,47.98776364326477,0.01,99.0,1.0,20,0.7216333333333333,0.3937379543131023
168,gaussian,15.0,knn,0.2,LDST,,False,0.3,spiral_hard,49.7715630531311,0.1,99.0,0.75,20,0.9001000000000003,0.19042225301798227
169,gaussian,15.0,knn,0.2,LDST,,False,0.2,spiral_hard,45.19344687461853,0.01,99.0,0.5,20,0.8493666666666666,0.28340293066782335
170,gaussian,15.0,knn,0.2,GTAM,,False,0.0,spiral,33.02859354019165,0.5,99.0,0.0,20,1.0,0.0
171,gaussian,15.0,knn,0.2,LDST,,False,0.2,spiral_hard,45.75008130073547,0.01,99.0,0.75,20,0.8493666666666666,0.28340293066782335
172,gaussian,15.0,knn,0.2,LGC,0.4,False,0.25,spiral_hard,0.20888257026672366,0.01,,,20,0.6228666666666667,0.051885814803063264
173,gaussian,15.0,knn,0.2,LGC,0.9990000000000001,False,0.0,spiral_hard,4.639307737350464,0.01,,,20,0.6438666666666667,0.048401377390869096
174,gaussian,15.0,knn,0.2,LDST,,False,0.0,spiral,46.69536757469177,0.01,99.0,0.5,20,1.0,0.0
175,gaussian,15.0,knn,0.2,LDST,,False,0.35,spiral,9.891103267669678,0.05,99.0,0.1,20,0.7609333333333334,0.35501889777556594
176,gaussian,15.0,knn,0.2,LGC,0.0001,False,0.35,spiral_hard,8.343951463699339,0.5,,,20,0.7249333333333332,0.00973287670161749
177,gaussian,15.0,knn,0.2,LDST,,False,0.3,spiral_hard,15.04882550239563,0.5,99.0,0.1,20,0.8584000000000002,0.009668735410819994
178,gaussian,15.0,knn,0.2,LGC,0.2,False,0.0,spiral_hard,8.025234937667848,0.5,,,20,0.9940999999999999,0.0013868429375142822
179,gaussian,15.0,knn,0.2,LGC,0.9990000000000001,False,0.1,spiral,8.174389362335205,0.01,,,20,0.9791333333333334,0.043275910671463
180,gaussian,15.0,knn,0.2,LGC,0.2,False,0.2,spiral_hard,10.543848514556883,0.01,,,20,0.6488666666666667,0.05338376782006554
181,gaussian,15.0,knn,0.2,LDST,,False,0.25,spiral_hard,7.453141450881957,0.5,99.0,0.25,20,0.9108666666666666,0.004341530708043986
182,gaussian,15.0,knn,0.2,LDST,,False,0.0,spiral_hard,19.96805310249329,0.01,99.0,1.0,20,0.9618666666666666,0.10186627399575278
183,gaussian,15.0,knn,0.2,GTAM,,False,0.35,spiral,20.664669752120968,0.1,99.0,0.0,20,0.9030333333333334,0.1753914320725059
184,gaussian,15.0,knn,0.2,LGC,0.4,False,0.4,spiral,0.19809675216674805,0.05,,,20,0.6176,0.03340485659966892
185,gaussian,15.0,knn,0.2,LGC,0.2,False,0.4,spiral_hard,4.331400632858276,0.5,,,20,0.6608666666666665,0.010968844768504826
186,gaussian,15.0,knn,0.2,LDST,,False,0.0,spiral_hard,46.61251258850098,0.01,99.0,0.5,20,0.9618666666666666,0.10186627399575278
187,gaussian,15.0,knn,0.2,LDST,,False,0.1,spiral_hard,34.34069561958313,0.5,99.0,0.25,20,0.9640000000000001,0.0022705848487901844
188,gaussian,15.0,knn,0.2,LGC,0.9990000000000001,False,0.4,spiral,8.475573539733888,0.05,,,20,0.9098666666666666,0.07393258190180205
189,gaussian,15.0,knn,0.2,LDST,,False,0.1,spiral,46.400572776794434,0.1,99.0,0.75,20,0.9973666666666666,0.0018912077270005591
190,gaussian,15.0,knn,0.2,LDST,,False,0.3,spiral,42.28488779067993,0.1,99.0,0.1,20,0.9700333333333333,0.03934941761534301
191,gaussian,15.0,knn,0.2,LGC,0.0001,False,0.15,spiral,8.611141920089723,0.1,,,20,0.8869666666666666,0.018675563356072178
192,gaussian,15.0,knn,0.2,LGC,0.99,False,0.15,spiral_hard,4.1155004501342765,0.01,,,20,0.7217666666666666,0.06235820359467994
193,gaussian,15.0,knn,0.2,LGC,0.2,False,0.25,spiral,4.282078266143799,0.1,,,20,0.7824333333333333,0.02494373668879625
194,gaussian,15.0,knn,0.2,LGC,0.4,False,0.35,spiral_hard,2.345952272415161,0.5,,,20,0.7431333333333334,0.011724807508488613
195,gaussian,15.0,knn,0.2,LDST,,False,0.4,spiral,44.19231176376343,0.1,99.0,0.5,20,0.8220333333333334,0.2927158254082694
196,gaussian,15.0,knn,0.2,LDST,,False,0.2,spiral_hard,32.930763483047485,0.5,99.0,0.1,20,0.9103666666666665,0.0019717448561560507
197,gaussian,15.0,knn,0.2,LGC,0.9990000000000001,False,0.35,spiral,9.582109689712523,0.1,,,20,0.9951666666666666,0.013620042421209816
198,gaussian,15.0,knn,0.2,LGC,0.99,False,0.35,spiral,7.246594429016112,0.1,,,20,0.9214333333333332,0.04606675108530617
199,gaussian,15.0,knn,0.2,LGC,0.0001,False,0.25,spiral,11.227029085159302,0.5,,,20,0.8468666666666668,0.005283517346953204
200,gaussian,15.0,knn,0.2,LGC,0.2,False,0.3,spiral_hard,11.836077690124512,0.5,,,20,0.7922666666666667,0.009513499180988384
201,gaussian,15.0,knn,0.2,LGC,0.0001,False,0.1,spiral_hard,9.78728413581848,0.5,,,20,0.9392333333333335,0.002702056829733842
202,gaussian,15.0,knn,0.2,LDST,,False,0.3,spiral_hard,50.82604694366455,0.1,99.0,0.5,20,0.9001000000000003,0.19042225301798227
203,gaussian,15.0,knn,0.2,GTAM,,False,0.2,spiral_hard,38.982773065567024,0.1,99.0,0.0,20,0.9666,0.00280396544597507
204,gaussian,15.0,knn,0.2,LDST,,False,0.35,spiral,37.010260105133064,0.5,99.0,0.75,20,0.9103666666666668,0.0406920549165723
205,gaussian,15.0,knn,0.2,LGC,0.99,False,0.0,spiral,8.630906581878662,0.1,,,20,1.0,0.0
206,gaussian,15.0,knn,0.2,LDST,,False,0.0,spiral,47.50928664207458,0.01,99.0,0.75,20,1.0,0.0
207,gaussian,15.0,knn,0.2,LGC,0.2,False,0.0,spiral,8.915930509567259,0.05,,,20,0.9974666666666666,0.007889796504909901
208,gaussian,15.0,knn,0.2,GTAM,,False,0.0,spiral_hard,19.272958517074585,0.1,99.0,0.0,20,0.9882000000000002,0.001266666666666672
209,gaussian,15.0,knn,0.2,LGC,0.99,False,0.1,spiral,11.309613704681395,0.5,,,20,1.0,0.0
210,gaussian,15.0,knn,0.2,LGC,0.9990000000000001,False,0.4,spiral,9.102567911148073,0.01,,,20,0.6938333333333333,0.08853621355756701
211,gaussian,15.0,knn,0.2,LDST,,False,0.2,spiral_hard,33.604641675949104,0.5,99.0,0.75,20,0.9662666666666666,0.00538062367306161
212,gaussian,15.0,knn,0.2,LGC,0.9,False,0.1,spiral,9.787207841873167,0.1,,,20,0.9771333333333333,0.011705838998835835
213,gaussian,15.0,knn,0.2,LGC,0.9,False,0.1,spiral_hard,9.161249160766602,0.5,,,20,0.9896666666666667,0.0017448336437736395
214,gaussian,15.0,knn,0.2,LDST,,False,0.35,spiral_hard,21.801310539245605,0.01,99.0,0.25,20,0.6672,0.33071549370686854
215,gaussian,15.0,knn,0.2,LGC,0.9990000000000001,False,0.15,spiral,8.915700674057009,0.1,,,20,1.0,0.0
216,gaussian,15.0,knn,0.2,LGC,0.4,False,0.3,spiral,10.019664049148561,0.01,,,20,0.7421666666666666,0.05238442304519329
217,gaussian,15.0,knn,0.2,LDST,,False,0.25,spiral,33.348440885543816,0.5,99.0,0.1,20,0.8934000000000001,0.005432003927342695
218,gaussian,15.0,knn,0.2,LDST,,False,0.2,spiral,21.18930387496948,0.05,99.0,0.25,20,0.9444666666666668,0.17507383839080268
219,gaussian,15.0,knn,0.2,LGC,0.9,False,0.0,spiral_hard,1.0492055416107178,0.05,,,20,0.9721333333333335,0.01567815181851623
220,gaussian,15.0,knn,0.2,LGC,0.99,False,0.0,spiral,6.744133949279785,0.05,,,20,1.0,0.0
221,gaussian,15.0,knn,0.2,LDST,,False,0.25,spiral_hard,43.43169164657593,0.05,99.0,0.75,20,0.8002666666666667,0.2496016737835617
222,gaussian,15.0,knn,0.2,GTAM,,False,0.3,spiral_hard,20.43095731735229,0.05,99.0,0.0,20,0.7687333333333333,0.2685847600541277
223,gaussian,15.0,knn,0.2,LDST,,False,0.25,spiral_hard,11.246156930923462,0.01,99.0,0.25,20,0.6696000000000001,0.3276782568313009
224,gaussian,15.0,knn,0.2,LGC,0.2,False,0.1,spiral_hard,10.481892108917236,0.1,,,20,0.9092666666666667,0.016465317083696446
225,gaussian,15.0,knn,0.2,LGC,0.9990000000000001,False,0.2,spiral,4.694540977478027,0.05,,,20,0.9999333333333332,0.00029059326290267957
226,gaussian,15.0,knn,0.2,LGC,0.4,False,0.0,spiral_hard,2.1827831268310547,0.5,,,20,0.9942,0.0011175369742826504
227,gaussian,15.0,knn,0.2,LGC,0.4,False,0.15,spiral_hard,6.843273162841798,0.5,,,20,0.9160999999999999,0.0028850187752133085
228,gaussian,15.0,knn,0.2,LGC,0.9,False,0.1,spiral,6.4723665714263925,0.5,,,20,0.9998666666666667,0.0005811865258054558
229,gaussian,15.0,knn,0.2,LGC,0.99,False,0.3,spiral_hard,8.751786708831787,0.01,,,20,0.6267,0.049825239030479765
230,gaussian,15.0,knn,0.2,LDST,,False,0.0,spiral,40.812273025512695,0.05,99.0,0.5,20,1.0,0.0
231,gaussian,15.0,knn,0.2,LGC,0.2,False,0.2,spiral,9.918257713317873,0.05,,,20,0.8070666666666666,0.023014391632676767
232,gaussian,15.0,knn,0.2,LDST,,False,0.4,spiral_hard,23.93523693084717,0.1,99.0,1.0,20,0.9256333333333335,0.10496400970491426
233,gaussian,15.0,knn,0.2,LGC,0.9,False,0.4,spiral_hard,1.066157579421997,0.05,,,20,0.6218333333333332,0.03318358027699843
234,gaussian,15.0,knn,0.2,LGC,0.9,False,0.4,spiral,2.288094997406006,0.1,,,20,0.6832333333333334,0.028794501789982985
235,gaussian,15.0,knn,0.2,LGC,0.4,False,0.0,spiral_hard,1.178438663482666,0.05,,,20,0.9563333333333333,0.019516944205256914
236,gaussian,15.0,knn,0.2,LGC,0.9,False,0.15,spiral_hard,6.6363818645477295,0.01,,,20,0.7026666666666668,0.06115771959995457
237,gaussian,15.0,knn,0.2,LDST,,False,0.35,spiral_hard,22.00529193878174,0.5,99.0,1.0,20,0.8821000000000001,0.04936902987816463
238,gaussian,15.0,knn,0.2,LGC,0.4,False,0.1,spiral_hard,9.974886178970335,0.1,,,20,0.9177333333333332,0.016029694666808557
239,gaussian,15.0,knn,0.2,LDST,,False,0.2,spiral,36.31593728065491,0.5,99.0,0.5,20,0.9642999999999999,0.004187149653669217
240,gaussian,15.0,knn,0.2,LGC,0.9990000000000001,False,0.25,spiral_hard,8.94172191619873,0.05,,,20,0.6662333333333333,0.07561283694658674
241,gaussian,15.0,knn,0.2,LDST,,False,0.15,spiral_hard,21.576500415802002,0.05,99.0,1.0,20,0.9224,0.1660929324872742
242,gaussian,15.0,knn,0.2,LGC,0.2,False,0.2,spiral_hard,9.49339032173157,0.1,,,20,0.8211999999999999,0.017778388878385794
243,gaussian,15.0,knn,0.2,GTAM,,False,0.2,spiral,35.191018342971795,0.5,99.0,0.0,20,0.8997666666666666,0.0005686240703077476
244,gaussian,15.0,knn,0.2,LGC,0.0001,False,0.4,spiral,6.026136875152588,0.5,,,20,0.6646,0.013150242921288156
245,gaussian,15.0,knn,0.2,LGC,0.0001,False,0.35,spiral_hard,9.690173625946043,0.01,,,20,0.5889666666666666,0.05805915565658491
246,gaussian,15.0,knn,0.2,LDST,,False,0.15,spiral_hard,33.03740954399109,0.5,99.0,0.1,20,0.9313333333333332,0.001966384160500352
247,gaussian,15.0,knn,0.2,LGC,0.4,False,0.4,spiral_hard,1.2902436256408691,0.01,,,20,0.5473000000000001,0.04541926903859198
248,gaussian,15.0,knn,0.2,LDST,,False,0.25,spiral,41.00387215614319,0.5,99.0,1.0,20,0.9903333333333333,0.009258029547971365
249,gaussian,15.0,knn,0.2,LGC,0.9,False,0.3,spiral_hard,11.174396276473999,0.1,,,20,0.7961666666666666,0.028196039911070264
250,gaussian,15.0,knn,0.2,LDST,,False,0.2,spiral,38.71168661117554,0.1,99.0,0.25,20,0.9907999999999999,0.0008326663997864538
251,gaussian,15.0,knn,0.2,LGC,0.99,False,0.2,spiral_hard,5.555638074874878,0.01,,,20,0.6914,0.05244336627893624
252,gaussian,15.0,knn,0.2,LDST,,False,0.35,spiral,24.911983966827393,0.01,99.0,1.0,20,0.6208,0.3724981491378328
253,gaussian,15.0,knn,0.2,LGC,0.0001,False,0.15,spiral,10.484503984451292,0.01,,,20,0.8382333333333334,0.0715042422983886
254,gaussian,15.0,knn,0.2,GTAM,,False,0.0,spiral,44.7825665473938,0.1,99.0,0.0,20,1.0,0.0
255,gaussian,15.0,knn,0.2,LDST,,False,0.3,spiral,34.76360511779785,0.5,99.0,0.25,20,0.8940000000000001,0.021955510571253955
256,gaussian,15.0,knn,0.2,GTAM,,False,0.35,spiral_hard,20.279327392578125,0.05,99.0,0.0,20,0.8776666666666667,0.18603780977711676
257,gaussian,15.0,knn,0.2,LGC,0.2,False,0.35,spiral_hard,7.903836011886598,0.05,,,20,0.6426,0.02987299040195935
258,gaussian,15.0,knn,0.2,LDST,,False,0.2,spiral_hard,50.3449764251709,0.1,99.0,0.75,20,0.9335333333333333,0.13815065850166786
259,gaussian,15.0,knn,0.2,LDST,,False,0.35,spiral,44.28112578392029,0.1,99.0,0.5,20,0.8926666666666667,0.24717542128797695
260,gaussian,15.0,knn,0.2,LDST,,False,0.4,spiral,15.646060228347778,0.5,99.0,0.25,20,0.7914333333333332,0.028429464371395496
261,gaussian,15.0,knn,0.2,LGC,0.2,False,0.25,spiral_hard,1.4025535583496094,0.5,,,20,0.8402333333333333,0.005704871212880755
262,gaussian,15.0,knn,0.2,LGC,0.99,False,0.4,spiral_hard,4.3506994247436515,0.05,,,20,0.6193333333333334,0.06782493805542489
263,gaussian,15.0,knn,0.2,GTAM,,False,0.2,spiral,47.86085748672485,0.01,99.0,0.0,20,0.7996666666666665,0.3504958075514044
264,gaussian,15.0,knn,0.2,LGC,0.99,False,0.3,spiral_hard,4.531948804855347,0.05,,,20,0.7801333333333333,0.06362061161465066
265,gaussian,15.0,knn,0.2,LDST,,False,0.1,spiral,47.62659215927124,0.01,99.0,0.1,20,0.8941333333333332,0.24900830865209647
266,gaussian,15.0,knn,0.2,LGC,0.0001,False,0.35,spiral_hard,8.992779016494753,0.05,,,20,0.6385666666666667,0.028770567522305765
267,gaussian,15.0,knn,0.2,LGC,0.9,False,0.0,spiral_hard,2.108313798904419,0.01,,,20,0.7847666666666666,0.060496565559083136
268,gaussian,15.0,knn,0.2,LGC,0.9,False,0.25,spiral_hard,2.024232625961304,0.5,,,20,0.9686,0.005868560300448477
269,gaussian,15.0,knn,0.2,LDST,,False,0.25,spiral,42.48573756217957,0.1,99.0,0.1,20,0.9821666666666667,0.001280190957978063
270,gaussian,15.0,knn,0.2,LGC,0.0001,False,0.2,spiral,9.869852304458616,0.05,,,20,0.8013000000000001,0.021621465671359533
271,gaussian,15.0,knn,0.2,LDST,,False,0.2,spiral,40.426896095275886,0.1,99.0,0.1,20,0.9849333333333335,0.0013232955494186201
272,gaussian,15.0,knn,0.2,LDST,,False,0.1,spiral_hard,20.43143630027771,0.05,99.0,0.1,20,0.9547333333333332,0.11751915210343851
273,gaussian,15.0,knn,0.2,GTAM,,False,0.1,spiral_hard,46.227810621261604,0.1,99.0,0.0,20,0.9760333333333333,0.0015559920022644818
274,gaussian,15.0,knn,0.2,LDST,,False,0.0,spiral_hard,41.05648994445801,0.05,99.0,0.75,20,0.9730666666666667,0.060360914505994706
275,gaussian,15.0,knn,0.2,LGC,0.9,False,0.15,spiral,1.4737329483032229,0.05,,,20,0.9001666666666666,0.022891895703259026
276,gaussian,15.0,knn,0.2,LGC,0.9,False,0.15,spiral,7.1675355434417725,0.01,,,20,0.8514333333333333,0.07534816225732088
277,gaussian,15.0,knn,0.2,LDST,,False,0.35,spiral,32.799753904342644,0.05,99.0,0.5,20,0.8751,0.2565908351182221
278,gaussian,15.0,knn,0.2,LGC,0.99,False,0.15,spiral_hard,10.386986017227171,0.05,,,20,0.8913333333333334,0.049129307840523155
279,gaussian,15.0,knn,0.2,LDST,,False,0.0,spiral_hard,4.710516929626465,0.1,99.0,0.1,20,0.9876000000000001,0.0013888444437332862
280,gaussian,15.0,knn,0.2,LGC,0.0001,False,0.0,spiral,9.029539585113524,0.1,,,20,0.9998999999999999,0.00023804761428481474
281,gaussian,15.0,knn,0.2,LGC,0.4,False,0.25,spiral,1.269886493682861,0.05,,,20,0.7598,0.03210960396309281
282,gaussian,15.0,knn,0.2,LGC,0.99,False,0.1,spiral_hard,8.591321706771849,0.05,,,20,0.9177666666666667,0.05547703228464109
283,gaussian,15.0,knn,0.2,LGC,0.99,False,0.15,spiral,7.804387092590332,0.5,,,20,1.0,0.0
284,gaussian,15.0,knn,0.2,LDST,,False,0.3,spiral_hard,42.21916127204896,0.5,99.0,0.75,20,0.9488000000000003,0.02208629539883151
285,gaussian,15.0,knn,0.2,LDST,,False,0.0,spiral,36.08653616905213,0.5,99.0,1.0,20,1.0,0.0
286,gaussian,15.0,knn,0.2,LGC,0.0001,False,0.1,spiral,8.94993543624878,0.05,,,20,0.8997666666666666,0.021879747103961976
287,gaussian,15.0,knn,0.2,LDST,,False,0.0,spiral_hard,21.352383613586426,0.1,99.0,1.0,20,0.9882000000000002,0.001266666666666672
288,gaussian,15.0,knn,0.2,LDST,,False,0.0,spiral_hard,13.37427830696106,0.5,99.0,1.0,20,0.9943666666666665,0.0012905640455070867
289,gaussian,15.0,knn,0.2,GTAM,,False,0.15,spiral_hard,20.40473198890686,0.05,99.0,0.0,20,0.9318333333333333,0.11835293264920253
290,gaussian,15.0,knn,0.2,LGC,0.99,False,0.15,spiral,7.60131311416626,0.05,,,20,0.9817666666666668,0.020742093540538374
291,gaussian,15.0,knn,0.2,LDST,,False,0.15,spiral,47.64991593360901,0.1,99.0,0.1,20,0.9882333333333332,0.000876229295206338
292,gaussian,15.0,knn,0.2,LGC,0.9990000000000001,False,0.15,spiral,7.748167276382446,0.5,,,20,1.0,0.0
293,gaussian,15.0,knn,0.2,LGC,0.99,False,0.35,spiral,8.810629606246946,0.5,,,20,0.9987999999999999,0.0052306787322488136
294,gaussian,15.0,knn,0.2,LDST,,False,0.35,spiral,10.366895437240599,0.05,99.0,1.0,20,0.8751,0.2565908351182221
295,gaussian,15.0,knn,0.2,LGC,0.2,False,0.15,spiral_hard,6.364593744277954,0.01,,,20,0.6614000000000001,0.053187258290350356
296,gaussian,15.0,knn,0.2,LGC,0.9990000000000001,False,0.4,spiral_hard,4.8793694972991934,0.05,,,20,0.5521666666666666,0.043998926754587504
297,gaussian,15.0,knn,0.2,LGC,0.9990000000000001,False,0.3,spiral,6.740890979766847,0.1,,,20,0.9975666666666667,0.008276539803028254
298,gaussian,15.0,knn,0.2,LDST,,False,0.35,spiral,21.19579005241394,0.01,99.0,0.1,20,0.7750666666666667,0.3211153755964427
299,gaussian,15.0,knn,0.2,LDST,,False,0.15,spiral,45.42654180526733,0.01,99.0,1.0,20,0.9580333333333332,0.18032852427352322
300,gaussian,15.0,knn,0.2,LDST,,False,0.1,spiral_hard,45.34472966194153,0.1,99.0,1.0,20,0.8919,0.2174655298355734
301,gaussian,15.0,knn,0.2,LGC,0.0001,False,0.15,spiral_hard,8.491760015487671,0.01,,,20,0.6580666666666667,0.052835131409991895
302,gaussian,15.0,knn,0.2,LDST,,False,0.3,spiral_hard,9.10599946975708,0.05,99.0,0.1,20,0.8461333333333334,0.27614461589697686
303,gaussian,15.0,knn,0.2,LGC,0.4,False,0.3,spiral_hard,7.463113784790039,0.01,,,20,0.6095333333333334,0.0602897079847704
304,gaussian,15.0,knn,0.2,LGC,0.99,False,0.25,spiral_hard,9.211168527603151,0.1,,,20,0.8988666666666665,0.035147372274151274
305,gaussian,15.0,knn,0.2,LGC,0.4,False,0.2,spiral_hard,9.429107189178467,0.01,,,20,0.6538,0.05562537390635879
306,gaussian,15.0,knn,0.2,LGC,0.0001,False,0.4,spiral_hard,6.890441656112671,0.1,,,20,0.6068333333333333,0.021921957536274492
307,gaussian,15.0,knn,0.2,LGC,0.0001,False,0.2,spiral_hard,7.261523485183716,0.1,,,20,0.8068333333333333,0.015611783299091051
308,gaussian,15.0,knn,0.2,LDST,,False,0.2,spiral_hard,46.064269065856934,0.1,99.0,1.0,20,0.9335333333333333,0.13815065850166786
309,gaussian,15.0,knn,0.2,LGC,0.4,False,0.15,spiral,9.58569312095642,0.1,,,20,0.9124666666666664,0.019669604300375048
310,gaussian,15.0,knn,0.2,LGC,0.9990000000000001,False,0.0,spiral,9.189458608627321,0.05,,,20,1.0,0.0
311,gaussian,15.0,knn,0.2,LDST,,False,0.35,spiral,21.38516569137573,0.1,99.0,0.25,20,0.9829666666666667,0.04118979107605292
312,gaussian,15.0,knn,0.2,LDST,,False,0.3,spiral,16.284549236297607,0.5,99.0,0.1,20,0.8675666666666666,0.009594616546098467
313,gaussian,15.0,knn,0.2,LGC,0.9,False,0.0,spiral,5.937237501144409,0.01,,,20,0.9796333333333334,0.02255213712464713
314,gaussian,15.0,knn,0.2,LGC,0.9990000000000001,False,0.2,spiral,6.404484272003174,0.01,,,20,0.9429333333333332,0.07265057925898916
315,gaussian,15.0,knn,0.2,LDST,,False,0.3,spiral_hard,42.102473258972175,0.01,99.0,0.5,20,0.8027666666666666,0.3098208998760413
316,gaussian,15.0,knn,0.2,LGC,0.4,False,0.25,spiral,8.324240922927856,0.5,,,20,0.8597666666666666,0.0043882418651057355
317,gaussian,15.0,knn,0.2,LDST,,False,0.4,spiral_hard,22.97873425483704,0.1,99.0,0.25,20,0.9256333333333335,0.10496400970491426
318,gaussian,15.0,knn,0.2,LDST,,False,0.35,spiral,22.445050716400146,0.1,99.0,1.0,20,0.8926666666666667,0.24717542128797695
319,gaussian,15.0,knn,0.2,LDST,,False,0.25,spiral,45.82265090942383,0.01,99.0,1.0,20,0.7187,0.36507725057703727
320,gaussian,15.0,knn,0.2,LGC,0.9,False,0.35,spiral_hard,2.222083330154419,0.01,,,20,0.6101333333333334,0.06804168656868459
321,gaussian,15.0,knn,0.2,LDST,,False,0.3,spiral_hard,46.630864381790154,0.1,99.0,1.0,20,0.9001000000000003,0.19042225301798227
322,gaussian,15.0,knn,0.2,LDST,,False,0.0,spiral_hard,4.803999423980713,0.01,99.0,0.1,20,0.8851666666666667,0.20256794470552894
323,gaussian,15.0,knn,0.2,LGC,0.2,False,0.35,spiral_hard,5.317335367202759,0.01,,,20,0.5903000000000002,0.05828416022671456
324,gaussian,15.0,knn,0.2,LGC,0.2,False,0.15,spiral_hard,8.680856704711914,0.5,,,20,0.9145333333333333,0.0032768548606518615
325,gaussian,15.0,knn,0.2,LDST,,False,0.3,spiral,42.357975482940674,0.1,99.0,0.5,20,0.9811333333333334,0.040500809319759974
326,gaussian,15.0,knn,0.2,LDST,,False,0.2,spiral,33.50597977638245,0.5,99.0,0.25,20,0.9393,0.0037740340927624755
327,gaussian,15.0,knn,0.2,GTAM,,False,0.1,spiral_hard,34.22047615051269,0.5,99.0,0.0,20,0.9432333333333333,0.0015095989165632164
328,gaussian,15.0,knn,0.2,LDST,,False,0.0,spiral,19.787123918533325,0.05,99.0,0.25,20,1.0,0.0
329,gaussian,15.0,knn,0.2,LDST,,False,0.25,spiral_hard,31.39476990699768,0.1,99.0,0.5,20,0.9517666666666665,0.08088050857077166
330,gaussian,15.0,knn,0.2,LDST,,False,0.2,spiral,49.24561786651611,0.1,99.0,0.5,20,0.9969333333333333,0.004859812524961995
331,gaussian,15.0,knn,0.2,LGC,0.99,False,0.35,spiral,3.8924288749694815,0.05,,,20,0.8192,0.05177841678194153
332,gaussian,15.0,knn,0.2,LGC,0.2,False,0.2,spiral,9.977002859115599,0.5,,,20,0.8922000000000001,0.0045318625064952696
333,gaussian,15.0,knn,0.2,LGC,0.9,False,0.25,spiral_hard,3.3303158283233643,0.1,,,20,0.8715666666666667,0.030986932729781425
334,gaussian,15.0,knn,0.2,LDST,,False,0.2,spiral,20.442526340484623,0.05,99.0,0.1,20,0.9684666666666668,0.07789882326881882
335,gaussian,15.0,knn,0.2,LDST,,False,0.3,spiral_hard,46.51987552642822,0.01,99.0,0.75,20,0.8027666666666666,0.3098208998760413
336,gaussian,15.0,knn,0.2,LGC,0.2,False,0.25,spiral,8.382357597351074,0.01,,,20,0.7066666666666668,0.07565653382961124
337,gaussian,15.0,knn,0.2,LGC,0.9,False,0.2,spiral,7.17648983001709,0.1,,,20,0.9298333333333332,0.03342778285598173
338,gaussian,15.0,knn,0.2,LGC,0.0001,False,0.0,spiral_hard,6.184070110321045,0.05,,,20,0.9489333333333333,0.021294130646729886
339,gaussian,15.0,knn,0.2,LDST,,False,0.4,spiral,45.76422452926636,0.01,99.0,0.75,20,0.6333666666666666,0.38545554434547524
340,gaussian,15.0,knn,0.2,LGC,0.4,False,0.35,spiral,1.9058079719543457,0.1,,,20,0.7073666666666666,0.029978862924104094
341,gaussian,15.0,knn,0.2,LDST,,False,0.25,spiral,49.71140718460083,0.01,99.0,0.75,20,0.7187,0.36507725057703727
342,gaussian,15.0,knn,0.2,LDST,,False,0.1,spiral_hard,43.58399629592896,0.1,99.0,0.25,20,0.9781000000000002,0.003719468301309267
343,gaussian,15.0,knn,0.2,LDST,,False,0.25,spiral_hard,20.039704799652103,0.1,99.0,0.1,20,0.9467666666666668,0.07036106088518629
344,gaussian,15.0,knn,0.2,LGC,0.2,False,0.25,spiral_hard,10.227961778640749,0.05,,,20,0.7384999999999999,0.026991253727416543
345,gaussian,15.0,knn,0.2,LDST,,False,0.4,spiral_hard,43.51102113723755,0.05,99.0,0.5,20,0.6249,0.34471555262596176
346,gaussian,15.0,knn,0.2,LGC,0.9990000000000001,False,0.25,spiral,9.374706506729128,0.1,,,20,1.0,0.0
347,gaussian,15.0,knn,0.2,LDST,,False,0.15,spiral,37.06098365783691,0.5,99.0,1.0,20,0.9905666666666668,0.0033880508982140046
348,gaussian,15.0,knn,0.2,LDST,,False,0.15,spiral,44.935405015945435,0.01,99.0,0.25,20,0.8910999999999998,0.25793782842641233
349,gaussian,15.0,knn,0.2,LGC,0.4,False,0.1,spiral,7.713961362838745,0.1,,,20,0.9337333333333333,0.01690023011020203
350,gaussian,15.0,knn,0.2,LDST,,False,0.4,spiral,20.545199632644653,0.05,99.0,0.25,20,0.6571666666666667,0.3981591460152028
351,gaussian,15.0,knn,0.2,LGC,0.9990000000000001,False,0.3,spiral_hard,7.093896150588988,0.01,,,20,0.5735999999999999,0.0431907397482377
352,gaussian,15.0,knn,0.2,LGC,0.99,False,0.0,spiral_hard,3.337615489959717,0.01,,,20,0.7803000000000001,0.06945613323850129
353,gaussian,15.0,knn,0.2,LGC,0.4,False,0.35,spiral_hard,2.7126095294952397,0.01,,,20,0.5922666666666666,0.059330861371727196
354,gaussian,15.0,knn,0.2,GTAM,,False,0.15,spiral,20.162904739379886,0.05,99.0,0.0,20,0.9920000000000002,2.220446049250313e-16
355,gaussian,15.0,knn,0.2,LDST,,False,0.0,spiral_hard,22.080628156661987,0.1,99.0,0.25,20,0.9876000000000001,0.0013888444437332862
356,gaussian,15.0,knn,0.2,LDST,,False,0.15,spiral,46.521296262741096,0.1,99.0,0.75,20,0.9972,0.003442221504913451
357,gaussian,15.0,knn,0.2,LDST,,False,0.15,spiral,34.865864515304565,0.5,99.0,0.75,20,0.9853,0.0031585861816114482
358,gaussian,15.0,knn,0.2,LDST,,False,0.3,spiral_hard,37.6335563659668,0.5,99.0,0.5,20,0.9224666666666665,0.016309642682917513
359,gaussian,15.0,knn,0.2,LGC,0.0001,False,0.0,spiral,8.622076988220215,0.05,,,20,0.9971,0.008407073741135414
360,gaussian,15.0,knn,0.2,LDST,,False,0.25,spiral_hard,22.092140674591064,0.01,99.0,0.1,20,0.6696000000000001,0.3276782568313009
361,gaussian,15.0,knn,0.2,LGC,0.2,False,0.15,spiral_hard,8.838848352432253,0.1,,,20,0.8667000000000001,0.022643591195352003
362,gaussian,15.0,knn,0.2,LGC,0.99,False,0.4,spiral,10.881491422653198,0.5,,,20,0.9822666666666668,0.02110334360027126
363,gaussian,15.0,knn,0.2,GTAM,,False,0.35,spiral_hard,20.803484678268433,0.01,99.0,0.0,20,0.6805999999999999,0.3477460056484394
364,gaussian,15.0,knn,0.2,LDST,,False,0.15,spiral,46.77420830726624,0.01,99.0,0.5,20,0.9580333333333332,0.18032852427352322
365,gaussian,15.0,knn,0.2,LGC,0.4,False,0.2,spiral,10.372862100601195,0.01,,,20,0.7939,0.07116749414038845
366,gaussian,15.0,knn,0.2,LGC,0.9,False,0.35,spiral,2.3455240726470947,0.01,,,20,0.6601,0.0721751804061941
367,gaussian,15.0,knn,0.2,LDST,,False,0.35,spiral,42.38279342651367,0.5,99.0,0.5,20,0.8865999999999999,0.02791725870018997
368,gaussian,15.0,knn,0.2,LGC,0.4,False,0.15,spiral,6.026352882385254,0.01,,,20,0.8400666666666666,0.07183496517868038
369,gaussian,15.0,knn,0.2,LDST,,False,0.25,spiral_hard,4.479904413223267,0.5,99.0,1.0,20,0.9703333333333333,0.011036303729057086
370,gaussian,15.0,knn,0.2,LDST,,False,0.35,spiral_hard,21.679303407669067,0.1,99.0,0.25,20,0.9280999999999999,0.11328062990251736
371,gaussian,15.0,knn,0.2,LGC,0.9990000000000001,False,0.2,spiral_hard,8.576445817947388,0.01,,,20,0.5904666666666666,0.05485986187044627
372,gaussian,15.0,knn,0.2,LDST,,False,0.25,spiral_hard,15.720006942749025,0.05,99.0,1.0,20,0.8002666666666667,0.2496016737835617
373,gaussian,15.0,knn,0.2,LDST,,False,0.4,spiral_hard,4.52267050743103,0.05,99.0,0.1,20,0.6247666666666667,0.3445763437420896
374,gaussian,15.0,knn,0.2,LGC,0.9990000000000001,False,0.1,spiral_hard,10.30012345314026,0.01,,,20,0.6163333333333333,0.0544044524321718
375,gaussian,15.0,knn,0.2,LGC,0.9,False,0.25,spiral,8.82181453704834,0.5,,,20,0.9886000000000001,0.006192827392323394
376,gaussian,15.0,knn,0.2,LDST,,False,0.2,spiral_hard,46.07868242263794,0.1,99.0,0.1,20,0.9418333333333333,0.11437168938742372
377,gaussian,15.0,knn,0.2,LGC,0.9,False,0.0,spiral_hard,0.5194752216339111,0.5,,,20,0.9914333333333334,0.0010170764201594983
378,gaussian,15.0,knn,0.2,GTAM,,False,0.0,spiral_hard,7.002676486968994,0.5,99.0,0.0,20,0.9943666666666665,0.0012905640455070867
379,gaussian,15.0,knn,0.2,LGC,0.99,False,0.2,spiral,8.360812187194824,0.1,,,20,0.9891666666666665,0.017520622769246014
380,gaussian,15.0,knn,0.2,LDST,,False,0.1,spiral_hard,44.149189949035645,0.05,99.0,0.75,20,0.9285000000000002,0.16496516467289557
381,gaussian,15.0,knn,0.2,LDST,,False,0.2,spiral_hard,41.44176149368286,0.05,99.0,0.75,20,0.8838333333333332,0.2316799396677331
382,gaussian,15.0,knn,0.2,LGC,0.99,False,0.25,spiral,10.078068733215332,0.5,,,20,1.0,0.0
383,gaussian,15.0,knn,0.2,LGC,0.9990000000000001,False,0.2,spiral_hard,6.242040157318115,0.1,,,20,0.7823999999999999,0.12037559737938767
384,gaussian,15.0,knn,0.2,LGC,0.9990000000000001,False,0.0,spiral,9.635276556015016,0.01,,,20,1.0,0.0
385,gaussian,15.0,knn,0.2,LDST,,False,0.4,spiral,25.76600432395935,0.1,99.0,1.0,20,0.8220333333333334,0.2927158254082694
386,gaussian,15.0,knn,0.2,LDST,,False,0.0,spiral,30.51593661308289,0.5,99.0,0.5,20,1.0,0.0
387,gaussian,15.0,knn,0.2,LDST,,False,0.4,spiral_hard,38.45094919204712,0.5,99.0,0.5,20,0.8009333333333333,0.06179262811119859
388,gaussian,15.0,knn,0.2,LGC,0.4,False,0.4,spiral_hard,0.9890639781951904,0.5,,,20,0.6702000000000001,0.010960738012459639
389,gaussian,15.0,knn,0.2,LDST,,False,0.15,spiral,20.33892107009888,0.05,99.0,0.25,20,0.9584999999999999,0.16560553868891117
390,gaussian,15.0,knn,0.2,LGC,0.9,False,0.2,spiral,8.198287487030031,0.01,,,20,0.7934333333333333,0.0698834823911281
391,gaussian,15.0,knn,0.2,LGC,0.9990000000000001,False,0.3,spiral,8.850857734680176,0.05,,,20,0.9869666666666668,0.03277768549892849
392,gaussian,15.0,knn,0.2,LDST,,False,0.1,spiral_hard,46.78137159347534,0.01,99.0,0.1,20,0.8211666666666668,0.27053115450083665
393,gaussian,15.0,knn,0.2,LGC,0.2,False,0.25,spiral,9.38879680633545,0.5,,,20,0.8536666666666666,0.005535742447444992
394,gaussian,15.0,knn,0.2,LGC,0.99,False,0.4,spiral_hard,5.859711408615112,0.01,,,20,0.5835333333333333,0.06192795096812998
395,gaussian,15.0,knn,0.2,LDST,,False,0.2,spiral_hard,46.03323316574097,0.01,99.0,1.0,20,0.8493666666666666,0.28340293066782335
396,gaussian,15.0,knn,0.2,LDST,,False,0.15,spiral,44.86062002182007,0.1,99.0,0.25,20,0.9918333333333335,0.0011522924011629848
397,gaussian,15.0,knn,0.2,LGC,0.99,False,0.2,spiral,8.066772222518921,0.05,,,20,0.9810666666666666,0.025062056313612142
398,gaussian,15.0,knn,0.2,LDST,,False,0.15,spiral_hard,38.30520629882813,0.5,99.0,0.75,20,0.9711333333333334,0.004551434450319551
399,gaussian,15.0,knn,0.2,LDST,,False,0.15,spiral_hard,45.63058614730835,0.01,99.0,0.25,20,0.8698666666666666,0.23717753313124373
400,gaussian,15.0,knn,0.2,LDST,,False,0.15,spiral,32.35297632217407,0.5,99.0,0.1,20,0.9392000000000001,0.0008055363982396266
401,gaussian,15.0,knn,0.2,LGC,0.9990000000000001,False,0.2,spiral_hard,3.696745157241821,0.5,,,20,0.9563,0.049592775011420114
402,gaussian,15.0,knn,0.2,LGC,0.9,False,0.2,spiral,8.65958309173584,0.5,,,20,0.9982000000000001,0.0017650936393164846
403,gaussian,15.0,knn,0.2,LDST,,False,0.2,spiral_hard,21.142215728759766,0.05,99.0,0.25,20,0.8838333333333332,0.2316799396677331
404,gaussian,15.0,knn,0.2,LGC,0.2,False,0.2,spiral,7.738132238388061,0.01,,,20,0.7948333333333334,0.07142606900378412
405,gaussian,15.0,knn,0.2,LGC,0.99,False,0.3,spiral_hard,11.416191816329956,0.1,,,20,0.8598666666666667,0.046071731511247174
406,gaussian,15.0,knn,0.2,LDST,,False,0.35,spiral_hard,15.723751306533813,0.5,99.0,0.25,20,0.8337333333333332,0.03076318145662658
407,gaussian,15.0,knn,0.2,LGC,0.4,False,0.3,spiral,1.8955628871917725,0.5,,,20,0.8110000000000002,0.008690991504617489
408,gaussian,15.0,knn,0.2,LDST,,False,0.0,spiral_hard,33.50584554672241,0.5,99.0,0.75,20,0.9943666666666665,0.0012905640455070867
409,gaussian,15.0,knn,0.2,LDST,,False,0.2,spiral_hard,36.89095568656922,0.5,99.0,0.25,20,0.9306333333333333,0.004419527375435332
410,gaussian,15.0,knn,0.2,LDST,,False,0.3,spiral_hard,45.45056366920471,0.05,99.0,0.75,20,0.8461333333333334,0.27614461589697686
411,gaussian,15.0,knn,0.2,LGC,0.9990000000000001,False,0.4,spiral_hard,9.404790878295898,0.01,,,20,0.5532999999999999,0.05097950568610881
412,gaussian,15.0,knn,0.2,LDST,,False,0.25,spiral,44.97389006614685,0.01,99.0,0.5,20,0.7187,0.36507725057703727
413,gaussian,15.0,knn,0.2,GTAM,,False,0.25,spiral_hard,11.479269742965698,0.5,99.0,0.0,20,0.8658666666666667,0.006013318551349153
414,gaussian,15.0,knn,0.2,LGC,0.9,False,0.25,spiral,1.1723854541778564,0.05,,,20,0.8202333333333334,0.03233180408754754
415,gaussian,15.0,knn,0.2,LDST,,False,0.1,spiral,41.05205607414245,0.01,99.0,0.75,20,0.8746999999999998,0.2656530297629263
416,gaussian,15.0,knn,0.2,LGC,0.4,False,0.4,spiral_hard,1.5936932563781738,0.05,,,20,0.5948333333333332,0.028005455817671592
417,gaussian,15.0,knn,0.2,LGC,0.0001,False,0.3,spiral_hard,11.397479772567749,0.1,,,20,0.6987333333333333,0.01920752167482545
418,gaussian,15.0,knn,0.2,LGC,0.2,False,0.35,spiral,5.2264251708984375,0.1,,,20,0.6979666666666666,0.027862738957651366
419,gaussian,15.0,knn,0.2,LGC,0.9990000000000001,False,0.25,spiral_hard,7.49541974067688,0.01,,,20,0.5711666666666668,0.05111376200854977
420,gaussian,15.0,knn,0.2,LDST,,False,0.1,spiral,46.33276081085205,0.05,99.0,0.5,20,0.9974666666666666,0.0006531972647421859
421,gaussian,15.0,knn,0.2,LGC,0.0001,False,0.25,spiral_hard,2.9108736515045166,0.01,,,20,0.6138666666666668,0.04985605947792771
422,gaussian,15.0,knn,0.2,LGC,0.4,False,0.15,spiral_hard,10.128624439239502,0.1,,,20,0.8770666666666667,0.022600294983325595
423,gaussian,15.0,knn,0.2,LGC,0.9,False,0.0,spiral,9.262897491455078,0.1,,,20,1.0,0.0
424,gaussian,15.0,knn,0.2,LDST,,False,0.0,spiral_hard,34.646681070327766,0.5,99.0,0.5,20,0.9943666666666665,0.0012905640455070867
425,gaussian,15.0,knn,0.2,LDST,,False,0.4,spiral,24.046509265899658,0.5,99.0,0.75,20,0.8346333333333333,0.04639083961300982
426,gaussian,15.0,knn,0.2,LGC,0.2,False,0.1,spiral,4.619443893432617,0.1,,,20,0.9270666666666667,0.017156016113564636
427,gaussian,15.0,knn,0.2,LGC,0.99,False,0.35,spiral,8.137298345565796,0.01,,,20,0.7094333333333332,0.07688845455882466
428,gaussian,15.0,knn,0.2,LGC,0.99,False,0.3,spiral,9.608871936798096,0.1,,,20,0.9525999999999998,0.030479792941845555
429,gaussian,15.0,knn,0.2,LGC,0.4,False,0.4,spiral,0.93440580368042,0.5,,,20,0.6824333333333333,0.014572843846613403
430,gaussian,15.0,knn,0.2,LDST,,False,0.1,spiral_hard,44.87049579620361,0.1,99.0,0.1,20,0.9621333333333334,0.06423104130143516
431,gaussian,15.0,knn,0.2,GTAM,,False,0.35,spiral,14.284644842147827,0.5,99.0,0.0,20,0.8014666666666667,0.014991256711089229
432,gaussian,15.0,knn,0.2,LGC,0.0001,False,0.1,spiral_hard,10.90327000617981,0.01,,,20,0.6708333333333333,0.04560257059031262
433,gaussian,15.0,knn,0.2,LGC,0.0001,False,0.2,spiral_hard,9.600536108016966,0.5,,,20,0.8743666666666666,0.005693953908411196
434,gaussian,15.0,knn,0.2,LGC,0.99,False,0.35,spiral_hard,4.480332851409912,0.05,,,20,0.7064666666666666,0.05241038913124848
435,gaussian,15.0,knn,0.2,GTAM,,False,0.2,spiral_hard,21.112281322479244,0.05,99.0,0.0,20,0.9373666666666667,0.0973035285417064
436,gaussian,15.0,knn,0.2,GTAM,,False,0.15,spiral_hard,29.89512133598328,0.5,99.0,0.0,20,0.9181000000000001,0.0018888562088676332
437,gaussian,15.0,knn,0.2,LGC,0.2,False,0.4,spiral_hard,7.401286363601685,0.01,,,20,0.5457000000000001,0.04478763470225038
438,gaussian,15.0,knn,0.2,LGC,0.0001,False,0.3,spiral_hard,9.470820426940918,0.01,,,20,0.6023333333333333,0.058734998084617324
439,gaussian,15.0,knn,0.2,LDST,,False,0.3,spiral_hard,44.60863447189331,0.1,99.0,0.1,20,0.9496666666666668,0.04534436140371935
440,gaussian,15.0,knn,0.2,LDST,,False,0.15,spiral_hard,39.15118527412415,0.05,99.0,0.75,20,0.9224,0.1660929324872742
441,gaussian,15.0,knn,0.2,GTAM,,False,0.1,spiral_hard,45.451477766036994,0.01,99.0,0.0,20,0.8576,0.23348046789590107
442,gaussian,15.0,knn,0.2,LDST,,False,0.3,spiral_hard,49.02816700935364,0.05,99.0,0.5,20,0.8461333333333334,0.27614461589697686
443,gaussian,15.0,knn,0.2,LGC,0.9990000000000001,False,0.3,spiral,8.557884693145754,0.5,,,20,1.0,0.0
444,gaussian,15.0,knn,0.2,LDST,,False,0.4,spiral,43.849103689193726,0.01,99.0,0.5,20,0.6333666666666666,0.38545554434547524
445,gaussian,15.0,knn,0.2,LGC,0.0001,False,0.4,spiral_hard,11.240836143493652,0.05,,,20,0.5871000000000002,0.028377044713406418
446,gaussian,15.0,knn,0.2,LDST,,False,0.2,spiral_hard,47.08368563652039,0.01,99.0,0.25,20,0.8493666666666666,0.28340293066782335
447,gaussian,15.0,knn,0.2,LGC,0.9990000000000001,False,0.25,spiral_hard,9.576916217803957,0.5,,,20,0.9390000000000001,0.07925780718642171
448,gaussian,15.0,knn,0.2,LGC,0.99,False,0.25,spiral,8.64903712272644,0.05,,,20,0.9516,0.031245550794384246
449,gaussian,15.0,knn,0.2,LGC,0.0001,False,0.15,spiral,9.255083799362184,0.5,,,20,0.9210333333333335,0.003255593477215616
450,gaussian,15.0,knn,0.2,GTAM,,False,0.0,spiral_hard,20.744237184524536,0.05,99.0,0.0,20,0.9730666666666667,0.060360914505994706
451,gaussian,15.0,knn,0.2,LDST,,False,0.3,spiral,43.817831754684455,0.01,99.0,0.25,20,0.8869333333333334,0.2143684678305091
452,gaussian,15.0,knn,0.2,LDST,,False,0.15,spiral,21.909241199493408,0.05,99.0,1.0,20,0.9560333333333333,0.17543513837819882
453,gaussian,15.0,knn,0.2,LGC,0.4,False,0.25,spiral_hard,0.20400500297546387,0.1,,,20,0.7864000000000001,0.02289434670636204
454,gaussian,15.0,knn,0.2,LGC,0.99,False,0.0,spiral,9.187279939651491,0.5,,,20,1.0,0.0
455,gaussian,15.0,knn,0.2,GTAM,,False,0.15,spiral,46.09599304199219,0.1,99.0,0.0,20,0.9853333333333332,0.0
456,gaussian,15.0,knn,0.2,LGC,0.9,False,0.35,spiral_hard,3.2101230621337886,0.5,,,20,0.869,0.016207679935416084
457,gaussian,15.0,knn,0.2,GTAM,,False,0.4,spiral_hard,21.908800840377808,0.01,99.0,0.0,20,0.6186666666666667,0.35152960994298427
458,gaussian,15.0,knn,0.2,LDST,,False,0.4,spiral_hard,9.473887681961061,0.01,99.0,0.1,20,0.6184666666666667,0.37225081747541017
459,gaussian,15.0,knn,0.2,LDST,,False,0.4,spiral,28.448493242263797,0.05,99.0,0.5,20,0.7151333333333334,0.3260972656534652
460,gaussian,15.0,knn,0.2,LGC,0.2,False,0.0,spiral_hard,10.023021697998047,0.01,,,20,0.7331000000000001,0.05610635733438175
461,gaussian,15.0,knn,0.2,LGC,0.0001,False,0.3,spiral,10.21584415435791,0.01,,,20,0.7401333333333333,0.051951515858538744
462,gaussian,15.0,knn,0.2,LDST,,False,0.25,spiral,47.649651527404785,0.1,99.0,0.75,20,0.9951333333333332,0.005653317610041049
463,gaussian,15.0,knn,0.2,LDST,,False,0.0,spiral,43.371920824050896,0.1,99.0,0.25,20,1.0,0.0
464,gaussian,15.0,knn,0.2,GTAM,,False,0.1,spiral,44.841302394866936,0.01,99.0,0.0,20,0.9600333333333332,0.16839879585212136
465,gaussian,15.0,knn,0.2,LGC,0.9,False,0.25,spiral_hard,3.2425482273101807,0.05,,,20,0.8005000000000001,0.03401298771547913
466,gaussian,15.0,knn,0.2,LDST,,False,0.35,spiral,48.46275854110718,0.01,99.0,0.5,20,0.6208,0.3724981491378328
467,gaussian,15.0,knn,0.2,LGC,0.0001,False,0.3,spiral_hard,6.141885280609131,0.05,,,20,0.6985,0.022386379787719138
468,gaussian,15.0,knn,0.2,LGC,0.0001,False,0.4,spiral,5.022332429885863,0.05,,,20,0.6146999999999999,0.03246021496471572
469,gaussian,15.0,knn,0.2,LGC,0.0001,False,0.35,spiral,5.7519588470458975,0.05,,,20,0.6482333333333333,0.0338114214759188
470,gaussian,15.0,knn,0.2,LGC,0.2,False,0.4,spiral,6.029379844665527,0.1,,,20,0.6223333333333334,0.023541452801388443
471,gaussian,15.0,knn,0.2,LGC,0.2,False,0.1,spiral,10.340288162231444,0.05,,,20,0.9044333333333331,0.022427438551916704
472,gaussian,15.0,knn,0.2,LGC,0.4,False,0.15,spiral,10.354233264923096,0.5,,,20,0.9239333333333333,0.00231804515342846
473,gaussian,15.0,knn,0.2,GTAM,,False,0.0,spiral,42.86066198348999,0.01,99.0,0.0,20,1.0,0.0
474,gaussian,15.0,knn,0.2,LDST,,False,0.1,spiral_hard,47.10927724838257,0.01,99.0,0.5,20,0.8211666666666668,0.27053115450083665
475,gaussian,15.0,knn,0.2,LGC,0.9,False,0.3,spiral,5.909696817398071,0.5,,,20,0.9605333333333336,0.011024417344140145
476,gaussian,15.0,knn,0.2,LDST,,False,0.25,spiral_hard,22.62756896018982,0.5,99.0,0.75,20,0.9615,0.007799928774603584
477,gaussian,15.0,knn,0.2,LGC,0.2,False,0.15,spiral,6.679760456085205,0.05,,,20,0.8473333333333333,0.024779023386727748
478,gaussian,15.0,knn,0.2,LDST,,False,0.15,spiral_hard,42.72775530815125,0.1,99.0,0.5,20,0.9312999999999999,0.1616368322986922
479,gaussian,15.0,knn,0.2,LDST,,False,0.25,spiral_hard,19.149593114852905,0.05,99.0,0.25,20,0.8002666666666667,0.2496016737835617
480,gaussian,15.0,knn,0.2,LDST,,False,0.1,spiral_hard,30.75199890136719,0.5,99.0,0.1,20,0.9525666666666668,0.0018411952639522198
481,gaussian,15.0,knn,0.2,LGC,0.9990000000000001,False,0.35,spiral_hard,8.283255577087402,0.5,,,20,0.8031666666666666,0.0948544791890305
482,gaussian,15.0,knn,0.2,LGC,0.99,False,0.2,spiral,6.166708469390869,0.5,,,20,1.0,0.0
483,gaussian,15.0,knn,0.2,LGC,0.9,False,0.2,spiral_hard,1.8073151111602783,0.05,,,20,0.8535666666666668,0.03716047781058674
484,gaussian,15.0,knn,0.2,LDST,,False,0.3,spiral,44.15520358085632,0.05,99.0,0.75,20,0.9116666666666667,0.211662572138875
485,gaussian,15.0,knn,0.2,LGC,0.0001,False,0.1,spiral,9.047735691070557,0.5,,,20,0.9474666666666666,0.002418447619628948
486,gaussian,15.0,knn,0.2,LGC,0.0001,False,0.25,spiral_hard,3.967618703842163,0.5,,,20,0.8327666666666668,0.006660914184838132
487,gaussian,15.0,knn,0.2,LGC,0.2,False,0.1,spiral_hard,8.609809875488281,0.01,,,20,0.6768333333333333,0.048110925070207415
488,gaussian,15.0,knn,0.2,GTAM,,False,0.3,spiral_hard,43.8554847240448,0.1,99.0,0.0,20,0.9319666666666666,0.05835351079602857
489,gaussian,15.0,knn,0.2,LDST,,False,0.1,spiral_hard,46.44158053398132,0.01,99.0,0.75,20,0.8211666666666668,0.27053115450083665
490,gaussian,15.0,knn,0.2,LGC,0.9990000000000001,False,0.25,spiral,8.443745136260986,0.05,,,20,0.9984666666666666,0.0066836450467623555
491,gaussian,15.0,knn,0.2,LGC,0.9990000000000001,False,0.3,spiral_hard,7.125226020812987,0.05,,,20,0.6607999999999999,0.07616082399180771
492,gaussian,15.0,knn,0.2,LDST,,False,0.3,spiral_hard,43.612983226776116,0.01,99.0,0.1,20,0.8027666666666666,0.3098208998760413
493,gaussian,15.0,knn,0.2,LDST,,False,0.35,spiral,22.07389760017395,0.5,99.0,1.0,20,0.9229333333333333,0.04901310482355145
494,gaussian,15.0,knn,0.2,LGC,0.4,False,0.0,spiral_hard,1.412883996963501,0.01,,,20,0.7393666666666666,0.05809206294992267
495,gaussian,15.0,knn,0.2,LDST,,False,0.1,spiral,46.529820919036865,0.05,99.0,0.75,20,0.9974666666666666,0.0006531972647421859
496,gaussian,15.0,knn,0.2,LGC,0.9990000000000001,False,0.0,spiral,6.529930353164673,0.5,,,20,1.0,0.0
497,gaussian,15.0,knn,0.2,LDST,,False,0.4,spiral,6.850617170333862,0.5,99.0,0.1,20,0.7610333333333333,0.03269214992420453
498,gaussian,15.0,knn,0.2,LGC,0.2,False,0.3,spiral,10.402668476104736,0.5,,,20,0.8010666666666667,0.008425886039791646
499,gaussian,15.0,knn,0.2,LDST,,False,0.35,spiral_hard,24.25476908683777,0.01,99.0,1.0,20,0.6672,0.33071549370686854
500,gaussian,15.0,knn,0.2,LDST,,False,0.0,spiral,44.663960933685296,0.01,99.0,0.25,20,1.0,0.0
501,gaussian,15.0,knn,0.2,LGC,0.9990000000000001,False,0.35,spiral,6.5611016750335684,0.5,,,20,1.0,0.0
502,gaussian,15.0,knn,0.2,LGC,0.0001,False,0.15,spiral_hard,9.332115411758425,0.5,,,20,0.9120666666666665,0.003805843460317872
503,gaussian,15.0,knn,0.2,LGC,0.99,False,0.2,spiral_hard,8.414350748062134,0.5,,,20,0.9854333333333333,0.005786094441753314
504,gaussian,15.0,knn,0.2,LDST,,False,0.35,spiral_hard,4.3737969398498535,0.05,99.0,0.1,20,0.8558,0.24655854387052895
505,gaussian,15.0,knn,0.2,LDST,,False,0.15,spiral_hard,39.65110087394714,0.5,99.0,0.5,20,0.9625333333333332,0.00358143360495022
506,gaussian,15.0,knn,0.2,LGC,0.0001,False,0.15,spiral_hard,10.311656236648561,0.05,,,20,0.8233666666666668,0.018450504359261048
507,gaussian,15.0,knn,0.2,LDST,,False,0.15,spiral_hard,47.423637866973884,0.1,99.0,0.75,20,0.8886333333333333,0.22451067532153865
508,gaussian,15.0,knn,0.2,GTAM,,False,0.1,spiral,29.851666927337646,0.5,99.0,0.0,20,0.949333333333333,3.3306690738754696e-16
509,gaussian,15.0,knn,0.2,LDST,,False,0.4,spiral_hard,51.83387684822082,0.01,99.0,0.5,20,0.6184666666666667,0.37225081747541017
510,gaussian,15.0,knn,0.2,LDST,,False,0.2,spiral,46.86258721351624,0.05,99.0,0.75,20,0.921766666666667,0.22135544819236874
511,gaussian,15.0,knn,0.2,LDST,,False,0.1,spiral_hard,47.742871522903435,0.05,99.0,0.5,20,0.9285000000000002,0.16496516467289557
512,gaussian,15.0,knn,0.2,LGC,0.99,False,0.1,spiral_hard,5.550600290298462,0.5,,,20,0.9883000000000001,0.0014525839046334076
513,gaussian,15.0,knn,0.2,LGC,0.0001,False,0.15,spiral,9.804276704788206,0.05,,,20,0.8421,0.024430650148259802
514,gaussian,15.0,knn,0.2,LDST,,False,0.1,spiral,42.914628744125366,0.01,99.0,1.0,20,0.8746999999999998,0.2656530297629263
515,gaussian,15.0,knn,0.2,GTAM,,False,0.4,spiral,16.100092887878418,0.05,99.0,0.0,20,0.7919666666666667,0.31354684037813413
516,gaussian,15.0,knn,0.2,LDST,,False,0.0,spiral,44.29821586608887,0.05,99.0,0.75,20,1.0,0.0
517,gaussian,15.0,knn,0.2,LGC,0.4,False,0.2,spiral,1.1407294273376465,0.05,,,20,0.8126666666666666,0.022879393931366863
518,gaussian,15.0,knn,0.2,LGC,0.99,False,0.15,spiral_hard,6.9759697914123535,0.1,,,20,0.9545666666666668,0.03240114881365233
519,gaussian,15.0,knn,0.2,LDST,,False,0.2,spiral_hard,46.842647075653076,0.1,99.0,0.5,20,0.9335333333333333,0.13815065850166786
520,gaussian,15.0,knn,0.2,LGC,0.9,False,0.3,spiral_hard,6.716226816177367,0.01,,,20,0.6325333333333333,0.06671018579564059
521,gaussian,15.0,knn,0.2,LGC,0.2,False,0.3,spiral_hard,8.149306535720825,0.05,,,20,0.7051000000000001,0.02212216083478285
522,gaussian,15.0,knn,0.2,LGC,0.9,False,0.1,spiral_hard,10.843757629394533,0.1,,,20,0.9610333333333333,0.011164377874890035
523,gaussian,15.0,knn,0.2,LGC,0.0001,False,0.2,spiral,8.600019931793213,0.01,,,20,0.7929666666666667,0.07172183148185156
524,gaussian,15.0,knn,0.2,LGC,0.2,False,0.4,spiral_hard,7.09476113319397,0.05,,,20,0.5899333333333334,0.028689061020225504
525,gaussian,15.0,knn,0.2,LGC,0.99,False,0.1,spiral_hard,8.478031396865845,0.1,,,20,0.9561,0.026620188662825905
526,gaussian,15.0,knn,0.2,LDST,,False,0.35,spiral,16.14885926246643,0.5,99.0,0.25,20,0.8476000000000001,0.03565850373878424
527,gaussian,15.0,knn,0.2,LDST,,False,0.4,spiral_hard,22.274539232254032,0.1,99.0,0.1,20,0.9220666666666668,0.09356777697951839
528,gaussian,15.0,knn,0.2,LDST,,False,0.25,spiral_hard,5.146812438964844,0.1,99.0,1.0,20,0.9517666666666665,0.08088050857077166
529,gaussian,15.0,knn,0.2,LDST,,False,0.4,spiral,21.396878004074093,0.1,99.0,0.1,20,0.7976666666666666,0.2699115492979959
530,gaussian,15.0,knn,0.2,LDST,,False,0.0,spiral_hard,18.95597815513611,0.05,99.0,0.1,20,0.9730666666666667,0.060360914505994706
531,gaussian,15.0,knn,0.2,LGC,0.9,False,0.1,spiral_hard,2.2990469932556152,0.05,,,20,0.9136666666666666,0.020628459305855426
532,gaussian,15.0,knn,0.2,LGC,0.4,False,0.2,spiral_hard,6.510772466659546,0.5,,,20,0.8832666666666666,0.0036080157673959484
533,gaussian,15.0,knn,0.2,LGC,0.4,False,0.35,spiral_hard,0.7699189186096191,0.05,,,20,0.6471666666666668,0.030555505050463304
534,gaussian,15.0,knn,0.2,LGC,0.9,False,0.25,spiral_hard,2.8502380847930913,0.01,,,20,0.6545333333333334,0.05477209346211099
535,gaussian,15.0,knn,0.2,LDST,,False,0.3,spiral,37.467047214508064,0.05,99.0,0.5,20,0.9116666666666667,0.211662572138875
536,gaussian,15.0,knn,0.2,LDST,,False,0.0,spiral_hard,47.42158508300781,0.01,99.0,0.75,20,0.9618666666666666,0.10186627399575278
537,gaussian,15.0,knn,0.2,LDST,,False,0.2,spiral_hard,14.520602941513062,0.05,99.0,0.1,20,0.9182,0.18425309887338245
538,gaussian,15.0,knn,0.2,LGC,0.4,False,0.15,spiral_hard,9.099522590637207,0.01,,,20,0.6659666666666666,0.054528881236358476
539,gaussian,15.0,knn,0.2,LGC,0.9990000000000001,False,0.3,spiral_hard,9.514890909194945,0.1,,,20,0.7507666666666666,0.10862417881034693
540,gaussian,15.0,knn,0.2,LDST,,False,0.15,spiral_hard,44.624571800231934,0.1,99.0,1.0,20,0.8886333333333333,0.22451067532153865
541,gaussian,15.0,knn,0.2,LGC,0.9990000000000001,False,0.25,spiral,7.704803228378296,0.01,,,20,0.8851999999999999,0.10749193251381961
542,gaussian,15.0,knn,0.2,LGC,0.99,False,0.0,spiral_hard,4.017378568649292,0.1,,,20,0.9835,0.007167441818544613
543,gaussian,15.0,knn,0.2,LDST,,False,0.3,spiral_hard,47.04071378707886,0.1,99.0,0.25,20,0.8991999999999999,0.19003141260796277
544,gaussian,15.0,knn,0.2,LDST,,False,0.1,spiral_hard,43.83995485305786,0.1,99.0,0.75,20,0.8923666666666665,0.21587439506445513
545,gaussian,15.0,knn,0.2,LGC,0.9990000000000001,False,0.35,spiral_hard,4.695772886276245,0.05,,,20,0.6067666666666669,0.043056693891761935
546,gaussian,15.0,knn,0.2,LGC,0.4,False,0.2,spiral_hard,7.271418333053589,0.1,,,20,0.8328,0.01878722970530781
547,gaussian,15.0,knn,0.2,LDST,,False,0.35,spiral_hard,47.35882234573364,0.01,99.0,0.75,20,0.6672,0.33071549370686854
548,gaussian,15.0,knn,0.2,LGC,0.9,False,0.1,spiral_hard,7.205880403518678,0.01,,,20,0.7213333333333334,0.06381570687882761
549,gaussian,15.0,knn,0.2,LDST,,False,0.4,spiral_hard,46.150447368621826,0.01,99.0,0.75,20,0.6184666666666667,0.37225081747541017
550,gaussian,15.0,knn,0.2,LGC,0.4,False,0.1,spiral,8.094839334487915,0.01,,,20,0.8335333333333332,0.05372278639253346
551,gaussian,15.0,knn,0.2,LGC,0.4,False,0.35,spiral,3.1482961177825928,0.01,,,20,0.6517666666666667,0.0691000160797537
552,gaussian,15.0,knn,0.2,LDST,,False,0.35,spiral_hard,22.06655240058899,0.1,99.0,0.1,20,0.9177333333333333,0.09137381098177604
553,gaussian,15.0,knn,0.2,LGC,0.0001,False,0.4,spiral,9.346344470977783,0.1,,,20,0.6144333333333333,0.023738646409038017
554,gaussian,15.0,knn,0.2,LDST,,False,0.4,spiral_hard,16.039941549301147,0.05,99.0,0.25,20,0.6249,0.34471555262596176
555,gaussian,15.0,knn,0.2,LDST,,False,0.0,spiral,45.6148943901062,0.1,99.0,1.0,20,1.0,0.0
556,gaussian,15.0,knn,0.2,LDST,,False,0.35,spiral_hard,50.01772093772888,0.05,99.0,0.75,20,0.8547,0.24865285707856513
557,gaussian,15.0,knn,0.2,LGC,0.4,False,0.15,spiral_hard,2.818087339401245,0.05,,,20,0.8389333333333333,0.018989353742440953
558,gaussian,15.0,knn,0.2,LDST,,False,0.35,spiral_hard,50.487027883529656,0.01,99.0,0.5,20,0.6672,0.33071549370686854
559,gaussian,15.0,knn,0.2,LGC,0.99,False,0.2,spiral_hard,8.02950644493103,0.05,,,20,0.8547666666666668,0.06224977465376436
560,gaussian,15.0,knn,0.2,LGC,0.9,False,0.15,spiral_hard,5.213719606399536,0.1,,,20,0.9366999999999999,0.02412971888218622
561,gaussian,15.0,knn,0.2,LGC,0.9990000000000001,False,0.4,spiral,9.309122800827025,0.1,,,20,0.9649999999999999,0.06611689983993838
562,gaussian,15.0,knn,0.2,LDST,,False,0.25,spiral,21.47951626777649,0.05,99.0,0.25,20,0.9551666666666666,0.16804918261561932
563,gaussian,15.0,knn,0.2,GTAM,,False,0.2,spiral,41.929478645324714,0.1,99.0,0.0,20,0.9800000000000001,1.1102230246251565e-16
564,gaussian,15.0,knn,0.2,LGC,0.0001,False,0.4,spiral_hard,7.862219572067262,0.01,,,20,0.5440666666666667,0.04340706547710102
565,gaussian,15.0,knn,0.2,LGC,0.9,False,0.15,spiral,8.679345846176147,0.1,,,20,0.9705000000000001,0.013399626860476377
566,gaussian,15.0,knn,0.2,LDST,,False,0.4,spiral_hard,22.30279016494751,0.01,99.0,0.25,20,0.6184666666666667,0.37225081747541017
567,gaussian,15.0,knn,0.2,LGC,0.9990000000000001,False,0.1,spiral,9.62039852142334,0.5,,,20,1.0,0.0
568,gaussian,15.0,knn,0.2,LDST,,False,0.15,spiral,48.16650032997131,0.1,99.0,0.5,20,0.9959000000000001,0.0025757415329268154
569,gaussian,15.0,knn,0.2,LGC,0.99,False,0.25,spiral,4.238431930541991,0.01,,,20,0.7438,0.08451853182718111
570,gaussian,15.0,knn,0.2,LGC,0.2,False,0.4,spiral,3.878288984298706,0.05,,,20,0.6161333333333333,0.03360396801966497
571,gaussian,15.0,knn,0.2,LDST,,False,0.3,spiral_hard,20.127532482147213,0.5,99.0,1.0,20,0.9537333333333337,0.025821954483217075
572,gaussian,15.0,knn,0.2,LDST,,False,0.3,spiral,48.615479230880744,0.01,99.0,0.5,20,0.7216333333333333,0.3937379543131023
573,gaussian,15.0,knn,0.2,LGC,0.4,False,0.35,spiral_hard,3.2376744747161865,0.1,,,20,0.6844,0.020955402379550958
574,gaussian,15.0,knn,0.2,LGC,0.2,False,0.2,spiral_hard,4.0293524265289316,0.5,,,20,0.8789,0.004527815269101766
575,gaussian,15.0,knn,0.2,LDST,,False,0.1,spiral_hard,36.26808190345764,0.5,99.0,0.5,20,0.9742000000000001,0.002781686139336666
576,gaussian,15.0,knn,0.2,LGC,0.4,False,0.35,spiral,1.2965996265411377,0.05,,,20,0.6583666666666665,0.034470260934447376
577,gaussian,15.0,knn,0.2,LDST,,False,0.1,spiral_hard,19.840602159500122,0.05,99.0,1.0,20,0.9285000000000002,0.16496516467289557
578,gaussian,15.0,knn,0.2,LGC,0.2,False,0.1,spiral_hard,7.590558290481567,0.5,,,20,0.9402999999999999,0.0024986663109213994
579,gaussian,15.0,knn,0.2,LDST,,False,0.3,spiral,46.67016077041626,0.1,99.0,0.25,20,0.9448666666666666,0.19560312426498258
580,gaussian,15.0,knn,0.2,LDST,,False,0.1,spiral_hard,36.56950426101685,0.5,99.0,1.0,20,0.9812000000000001,0.0027373953556863386
581,gaussian,15.0,knn,0.2,LDST,,False,0.4,spiral,37.42001700401306,0.5,99.0,0.5,20,0.8327333333333333,0.04569993921707603
582,gaussian,15.0,knn,0.2,GTAM,,False,0.2,spiral_hard,36.63660478591919,0.5,99.0,0.0,20,0.8931333333333334,0.0015506271132817173
583,gaussian,15.0,knn,0.2,LDST,,False,0.25,spiral,43.74595499038696,0.1,99.0,1.0,20,0.9951333333333332,0.005653317610041049
584,gaussian,15.0,knn,0.2,LDST,,False,0.2,spiral,46.446832180023186,0.01,99.0,0.5,20,0.8192666666666666,0.33620350318751224
585,gaussian,15.0,knn,0.2,GTAM,,False,0.1,spiral,19.791469812393192,0.05,99.0,0.0,20,0.9946666666666669,1.1102230246251565e-16
586,gaussian,15.0,knn,0.2,LGC,0.9,False,0.3,spiral_hard,3.074547529220581,0.05,,,20,0.7623666666666667,0.031211447330177503
587,gaussian,15.0,knn,0.2,LDST,,False,0.25,spiral,44.75266718864441,0.01,99.0,0.1,20,0.7187,0.36507725057703727
588,gaussian,15.0,knn,0.2,GTAM,,False,0.25,spiral,34.38160943984985,0.5,99.0,0.0,20,0.8737333333333334,0.0025420901286583425
589,gaussian,15.0,knn,0.2,LDST,,False,0.35,spiral_hard,15.11928677558899,0.5,99.0,0.1,20,0.8099666666666667,0.02130568520893479
590,gaussian,15.0,knn,0.2,LGC,0.0001,False,0.3,spiral,11.228032350540161,0.5,,,20,0.7915333333333333,0.008195120499419154
591,gaussian,15.0,knn,0.2,LDST,,False,0.15,spiral_hard,35.07048749923706,0.5,99.0,0.25,20,0.9480666666666668,0.003501745596445047
592,gaussian,15.0,knn,0.2,LDST,,False,0.1,spiral,33.034166097640984,0.5,99.0,0.1,20,0.9589666666666666,0.0007141428428542872
593,gaussian,15.0,knn,0.2,LGC,0.0001,False,0.25,spiral,10.935799837112427,0.01,,,20,0.7068333333333333,0.07334874837983867
594,gaussian,15.0,knn,0.2,LGC,0.4,False,0.0,spiral_hard,3.140021324157715,0.1,,,20,0.9794333333333334,0.003579416463925673
595,gaussian,15.0,knn,0.2,LGC,0.0001,False,0.1,spiral,8.408040523529053,0.01,,,20,0.826,0.04831010936301703
596,gaussian,15.0,knn,0.2,LGC,0.99,False,0.4,spiral,7.795464754104613,0.01,,,20,0.6523,0.0633594595235085
597,gaussian,15.0,knn,0.2,LDST,,False,0.2,spiral,16.289321422576904,0.05,99.0,1.0,20,0.921766666666667,0.22135544819236874
598,gaussian,15.0,knn,0.2,LDST,,False,0.3,spiral_hard,49.80970048904419,0.01,99.0,0.25,20,0.8027666666666666,0.3098208998760413
599,gaussian,15.0,knn,0.2,LGC,0.9990000000000001,False,0.35,spiral,12.523253679275513,0.01,,,20,0.8513333333333334,0.11168447619173501
600,gaussian,15.0,knn,0.2,LGC,0.2,False,0.0,spiral,7.784666299819946,0.5,,,20,1.0,0.0
601,gaussian,15.0,knn,0.2,LGC,0.99,False,0.2,spiral_hard,7.047896385192871,0.1,,,20,0.9358000000000001,0.03843210463488395
602,gaussian,15.0,knn,0.2,LGC,0.2,False,0.0,spiral,10.662057399749756,0.1,,,20,0.9999666666666667,0.00014529663145138817
603,gaussian,15.0,knn,0.2,LGC,0.9990000000000001,False,0.1,spiral_hard,8.613187074661255,0.05,,,20,0.7750999999999999,0.08480494613457924
604,gaussian,15.0,knn,0.2,LGC,0.2,False,0.15,spiral,11.078996896743774,0.01,,,20,0.8392666666666667,0.07168756284507559
605,gaussian,15.0,knn,0.2,LDST,,False,0.1,spiral_hard,40.84475755691528,0.1,99.0,0.5,20,0.9542000000000002,0.11359344660283492
606,gaussian,15.0,knn,0.2,LGC,0.2,False,0.4,spiral,7.757394313812256,0.01,,,20,0.6149666666666666,0.07883498236471197
607,gaussian,15.0,knn,0.2,LDST,,False,0.35,spiral,15.78322148323059,0.5,99.0,0.1,20,0.8272666666666666,0.018889032679191273
608,gaussian,15.0,knn,0.2,LDST,,False,0.4,spiral,20.58951687812805,0.1,99.0,0.25,20,0.7522,0.2964890929228632
609,gaussian,15.0,knn,0.2,LDST,,False,0.25,spiral_hard,20.610743522644047,0.1,99.0,0.25,20,0.9461999999999998,0.07984125917510738
610,gaussian,15.0,knn,0.2,LGC,0.9,False,0.2,spiral_hard,9.240434646606444,0.5,,,20,0.9817666666666668,0.003979251744291191
611,gaussian,15.0,knn,0.2,LDST,,False,0.4,spiral_hard,44.8052020072937,0.1,99.0,0.5,20,0.9256333333333335,0.10496400970491426
612,gaussian,15.0,knn,0.2,LGC,0.9990000000000001,False,0.15,spiral_hard,9.804409980773926,0.05,,,20,0.7371,0.09147052348525543
613,gaussian,15.0,knn,0.2,LGC,0.9990000000000001,False,0.35,spiral,8.852424383163454,0.05,,,20,0.9740333333333332,0.03878514893329376
614,gaussian,15.0,knn,0.2,LGC,0.0001,False,0.0,spiral_hard,9.054862022399902,0.01,,,20,0.7272333333333333,0.05412794513413975
615,gaussian,15.0,knn,0.2,LGC,0.4,False,0.0,spiral,6.703978776931763,0.01,,,20,0.9647,0.026901032611324677
616,gaussian,15.0,knn,0.2,LGC,0.9,False,0.15,spiral,7.907430410385133,0.5,,,20,0.9997333333333334,0.0008273115763993637
617,gaussian,15.0,knn,0.2,LGC,0.99,False,0.35,spiral_hard,8.512461423873901,0.01,,,20,0.6087333333333332,0.06482897157564323
618,gaussian,15.0,knn,0.2,LDST,,False,0.25,spiral,11.3979172706604,0.05,99.0,1.0,20,0.9399999999999998,0.1505849335830853
619,gaussian,15.0,knn,0.2,GTAM,,False,0.3,spiral,45.33793210983277,0.01,99.0,0.0,20,0.8221333333333332,0.3250062973748867
620,gaussian,15.0,knn,0.2,LGC,0.99,False,0.2,spiral,10.995865106582642,0.01,,,20,0.8245999999999999,0.06818696519293276
621,gaussian,15.0,knn,0.2,LGC,0.99,False,0.25,spiral_hard,5.845969676971436,0.05,,,20,0.8062666666666667,0.062755398174181
622,gaussian,15.0,knn,0.2,LGC,0.9990000000000001,False,0.4,spiral_hard,8.739269733428955,0.1,,,20,0.6295,0.058490977461865386
623,gaussian,15.0,knn,0.2,LDST,,False,0.25,spiral_hard,43.71121573448181,0.05,99.0,0.5,20,0.8002666666666667,0.2496016737835617
624,gaussian,15.0,knn,0.2,LDST,,False,0.2,spiral_hard,36.05241394042969,0.5,99.0,0.5,20,0.9535333333333333,0.004989321931218045
625,gaussian,15.0,knn,0.2,LGC,0.0001,False,0.0,spiral,9.906771659851074,0.01,,,20,0.9606000000000001,0.02657057687660459
626,gaussian,15.0,knn,0.2,GTAM,,False,0.3,spiral_hard,47.59418535232544,0.01,99.0,0.0,20,0.7280333333333333,0.3560392909029377
627,gaussian,15.0,knn,0.2,GTAM,,False,0.35,spiral,21.724424362182614,0.01,99.0,0.0,20,0.7581666666666667,0.36471729538857295
628,gaussian,15.0,knn,0.2,LDST,,False,0.35,spiral_hard,21.347325086593628,0.01,99.0,0.1,20,0.6672,0.33071549370686854
629,gaussian,15.0,knn,0.2,LGC,0.9990000000000001,False,0.3,spiral,10.783346176147461,0.01,,,20,0.9153333333333332,0.06141516280384041
630,gaussian,15.0,knn,0.2,LDST,,False,0.3,spiral,21.27510643005371,0.5,99.0,1.0,20,0.9763,0.029020663136615093
631,gaussian,15.0,knn,0.2,LGC,0.0001,False,0.1,spiral_hard,6.888600587844849,0.1,,,20,0.8981666666666668,0.01640308236616246
632,gaussian,15.0,knn,0.2,LGC,0.99,False,0.3,spiral,6.671012878417969,0.01,,,20,0.7899333333333333,0.06085972943307147
633,gaussian,15.0,knn,0.2,LGC,0.99,False,0.25,spiral_hard,7.673665523529053,0.01,,,20,0.6185666666666666,0.06544964985900738
634,gaussian,15.0,knn,0.2,LDST,,False,0.25,spiral,46.01777720451355,0.05,99.0,0.75,20,0.9399999999999998,0.1505849335830853
635,gaussian,15.0,knn,0.2,LGC,0.0001,False,0.3,spiral,10.853433609008787,0.1,,,20,0.7125000000000001,0.020050907433053704
636,gaussian,15.0,knn,0.2,GTAM,,False,0.15,spiral_hard,43.974507331848145,0.01,99.0,0.0,20,0.8860333333333333,0.19756973171234732
637,gaussian,15.0,knn,0.2,LGC,0.9,False,0.1,spiral,1.609985113143921,0.05,,,20,0.9490000000000001,0.022086194783167187
638,gaussian,15.0,knn,0.2,LDST,,False,0.4,spiral,22.289511680603027,0.01,99.0,0.25,20,0.6994999999999999,0.3854550485393134
639,gaussian,15.0,knn,0.2,LGC,0.99,False,0.4,spiral,6.718327760696411,0.1,,,20,0.8188333333333333,0.04730603673011628
640,gaussian,15.0,knn,0.2,LGC,0.4,False,0.2,spiral,7.920206308364867,0.5,,,20,0.8952666666666665,0.003583294573433776
641,gaussian,15.0,knn,0.2,LGC,0.2,False,0.0,spiral_hard,8.273734331130981,0.05,,,20,0.9524666666666667,0.020482078887543546
642,gaussian,15.0,knn,0.2,LGC,0.4,False,0.25,spiral,7.973356485366821,0.1,,,20,0.794,0.026256004604238208
643,gaussian,15.0,knn,0.2,LDST,,False,0.15,spiral_hard,40.52195024490357,0.5,99.0,1.0,20,0.9760333333333335,0.0035180487015768346
644,gaussian,15.0,knn,0.2,LDST,,False,0.2,spiral_hard,41.34598684310913,0.01,99.0,0.1,20,0.8493666666666666,0.28340293066782335
645,gaussian,15.0,knn,0.2,LGC,0.4,False,0.3,spiral_hard,11.33745551109314,0.1,,,20,0.7189333333333334,0.021420032160988402
646,gaussian,15.0,knn,0.2,LDST,,False,0.4,spiral,12.184077739715574,0.01,99.0,1.0,20,0.6333666666666666,0.38545554434547524
647,gaussian,15.0,knn,0.2,LDST,,False,0.25,spiral_hard,5.287198543548584,0.01,99.0,1.0,20,0.6696000000000001,0.3276782568313009
648,gaussian,15.0,knn,0.2,LDST,,False,0.35,spiral,22.479795455932614,0.01,99.0,0.25,20,0.7750666666666667,0.3211153755964427
649,gaussian,15.0,knn,0.2,GTAM,,False,0.4,spiral_hard,13.48029375076294,0.5,99.0,0.0,20,0.7201333333333333,0.03513693846146024
650,gaussian,15.0,knn,0.2,LGC,0.9,False,0.0,spiral_hard,1.2674520015716553,0.1,,,20,0.9866666666666667,0.0018973665961010682
651,gaussian,15.0,knn,0.2,LGC,0.2,False,0.0,spiral,8.452731132507324,0.01,,,20,0.9623000000000002,0.02705999507267754
652,gaussian,15.0,knn,0.2,LDST,,False,0.0,spiral_hard,15.257482767105104,0.5,99.0,0.25,20,0.9946666666666666,0.0012995725793078809
653,gaussian,15.0,knn,0.2,GTAM,,False,0.4,spiral_hard,20.16083931922913,0.05,99.0,0.0,20,0.6563333333333332,0.29443063699282385
654,gaussian,15.0,knn,0.2,GTAM,,False,0.4,spiral,11.842445611953735,0.5,99.0,0.0,20,0.7379333333333334,0.020564154357630267
655,gaussian,15.0,knn,0.2,LDST,,False,0.35,spiral,45.17893862724304,0.1,99.0,0.75,20,0.8926666666666667,0.24717542128797695
656,gaussian,15.0,knn,0.2,LDST,,False,0.4,spiral,31.87283945083618,0.05,99.0,0.75,20,0.7151333333333334,0.3260972656534652
657,gaussian,15.0,knn,0.2,LDST,,False,0.2,spiral,38.70840883255005,0.5,99.0,1.0,20,0.99,0.006095535707019962
658,gaussian,15.0,knn,0.2,LGC,0.9990000000000001,False,0.35,spiral_hard,9.184857845306396,0.1,,,20,0.6794333333333333,0.09696443219609505
659,gaussian,15.0,knn,0.2,LGC,0.2,False,0.2,spiral,9.436810255050661,0.1,,,20,0.8471666666666667,0.028788790256703122
660,gaussian,15.0,knn,0.2,LGC,0.9,False,0.15,spiral_hard,3.017085313796997,0.05,,,20,0.8972333333333335,0.02844196820818761
661,gaussian,15.0,knn,0.2,LDST,,False,0.35,spiral,20.258525371551517,0.05,99.0,0.25,20,0.7613333333333333,0.35528561280562243
662,gaussian,15.0,knn,0.2,LGC,0.4,False,0.1,spiral_hard,11.077953100204468,0.01,,,20,0.6831333333333334,0.05154463006840663
663,gaussian,15.0,knn,0.2,LDST,,False,0.3,spiral_hard,11.5209698677063,0.05,99.0,1.0,20,0.8461333333333334,0.27614461589697686
664,gaussian,15.0,knn,0.2,LDST,,False,0.15,spiral,30.50357460975647,0.5,99.0,0.25,20,0.9564333333333332,0.002193677784503044
665,gaussian,15.0,knn,0.2,LDST,,False,0.4,spiral,7.977719068527223,0.05,99.0,0.1,20,0.6570666666666666,0.3980732707541275
666,gaussian,15.0,knn,0.2,LGC,0.9,False,0.35,spiral_hard,2.8163583278656006,0.05,,,20,0.6856666666666666,0.0441957765704673
667,gaussian,15.0,knn,0.2,LDST,,False,0.0,spiral_hard,42.732800722122185,0.1,99.0,0.5,20,0.9882000000000002,0.001266666666666672
668,gaussian,15.0,knn,0.2,LGC,0.4,False,0.4,spiral,0.6608624458312988,0.01,,,20,0.6162666666666665,0.07747010893097918
669,gaussian,15.0,knn,0.2,LDST,,False,0.4,spiral,5.1677162647247314,0.05,99.0,1.0,20,0.7151333333333334,0.3260972656534652
670,gaussian,15.0,knn,0.2,LDST,,False,0.0,spiral,41.90245008468628,0.1,99.0,0.1,20,1.0,0.0
671,gaussian,15.0,knn,0.2,LGC,0.4,False,0.2,spiral_hard,2.6906328201293945,0.05,,,20,0.7977333333333333,0.027190194310939865
672,gaussian,15.0,knn,0.2,LGC,0.9,False,0.3,spiral,6.334303617477418,0.1,,,20,0.8191,0.029298672704104245
673,gaussian,15.0,knn,0.2,LGC,0.9,False,0.0,spiral,5.5102500915527335,0.5,,,20,1.0,0.0
674,gaussian,15.0,knn,0.2,LDST,,False,0.0,spiral,29.665859460830692,0.5,99.0,0.1,20,1.0,0.0
675,gaussian,15.0,knn,0.2,LDST,,False,0.35,spiral_hard,16.59973430633545,0.05,99.0,0.25,20,0.8547,0.24865285707856513
676,gaussian,15.0,knn,0.2,LDST,,False,0.15,spiral_hard,41.71995496749878,0.1,99.0,0.25,20,0.9785,0.003372272560488241
677,gaussian,15.0,knn,0.2,LGC,0.99,False,0.4,spiral_hard,5.449861526489258,0.1,,,20,0.7087666666666667,0.04825961044185915
678,gaussian,15.0,knn,0.2,LDST,,False,0.25,spiral,40.31076312065125,0.5,99.0,0.5,20,0.9496333333333332,0.014306913635644064
679,gaussian,15.0,knn,0.2,LGC,0.2,False,0.15,spiral_hard,4.2308855056762695,0.05,,,20,0.8310333333333334,0.018724286071540606
680,gaussian,15.0,knn,0.2,LDST,,False,0.35,spiral,19.60930562019348,0.1,99.0,0.1,20,0.9665333333333335,0.05244239167357306
681,gaussian,15.0,knn,0.2,LDST,,False,0.4,spiral_hard,32.05663800239563,0.5,99.0,0.75,20,0.8084666666666666,0.07196730739254689
682,gaussian,15.0,knn,0.2,LDST,,False,0.25,spiral_hard,27.66518950462341,0.1,99.0,0.75,20,0.9517666666666665,0.08088050857077166
683,gaussian,15.0,knn,0.2,LDST,,False,0.0,spiral,44.84990859031677,0.1,99.0,0.75,20,1.0,0.0
684,gaussian,15.0,knn,0.2,GTAM,,False,0.3,spiral,20.646528720855716,0.05,99.0,0.0,20,0.9065333333333332,0.21900508365484728
685,gaussian,15.0,knn,0.2,LDST,,False,0.3,spiral,48.70036220550537,0.1,99.0,0.75,20,0.9811333333333334,0.040500809319759974
686,gaussian,15.0,knn,0.2,LDST,,False,0.1,spiral_hard,42.6289005279541,0.01,99.0,0.25,20,0.8211666666666668,0.27053115450083665
687,gaussian,15.0,knn,0.2,LDST,,False,0.1,spiral,36.14064979553223,0.5,99.0,0.5,20,0.9824333333333335,0.003407671084805858
688,gaussian,15.0,knn,0.2,LGC,0.4,False,0.4,spiral_hard,1.7068514823913574,0.1,,,20,0.6176666666666666,0.022516660498395406
689,gaussian,15.0,knn,0.2,LDST,,False,0.0,spiral,43.70994734764099,0.01,99.0,1.0,20,1.0,0.0
690,gaussian,15.0,knn,0.2,LDST,,False,0.15,spiral,36.36505222320557,0.5,99.0,0.5,20,0.9747333333333333,0.003398692559074893
691,gaussian,15.0,knn,0.2,LGC,0.2,False,0.25,spiral,10.864530086517334,0.05,,,20,0.7550333333333333,0.03319536446888664
692,gaussian,15.0,knn,0.2,LGC,0.0001,False,0.0,spiral_hard,11.446165800094604,0.5,,,20,0.9940333333333333,0.0013245544324204063
693,gaussian,15.0,knn,0.2,LGC,0.0001,False,0.2,spiral,9.460505723953249,0.1,,,20,0.8286666666666666,0.028578935521736213
694,gaussian,15.0,knn,0.2,LGC,0.9990000000000001,False,0.25,spiral,10.014581441879274,0.5,,,20,1.0,0.0
695,gaussian,15.0,knn,0.2,LGC,0.9990000000000001,False,0.25,spiral_hard,10.353962659835817,0.1,,,20,0.7817333333333333,0.10635608951901991
696,gaussian,15.0,knn,0.2,LDST,,False,0.0,spiral,32.460020065307624,0.5,99.0,0.25,20,1.0,0.0
697,gaussian,15.0,knn,0.2,LDST,,False,0.25,spiral_hard,25.81619191169739,0.5,99.0,0.5,20,0.9415666666666667,0.006215661223429482
698,gaussian,15.0,knn,0.2,LDST,,False,0.15,spiral,51.31324362754822,0.01,99.0,0.75,20,0.9580333333333332,0.18032852427352322
699,gaussian,15.0,knn,0.2,LGC,0.2,False,0.0,spiral_hard,7.713988065719604,0.1,,,20,0.9777333333333333,0.0034922135609889555
700,gaussian,15.0,knn,0.2,LDST,,False,0.0,spiral,45.88389539718628,0.01,99.0,0.1,20,1.0,0.0
701,gaussian,15.0,knn,0.2,LDST,,False,0.25,spiral,31.934978246688843,0.5,99.0,0.25,20,0.9213666666666669,0.003957973667870433
702,gaussian,15.0,knn,0.2,LGC,0.9,False,0.3,spiral,5.648625135421753,0.01,,,20,0.7498,0.05244387476150098
703,gaussian,15.0,knn,0.2,LGC,0.9,False,0.15,spiral_hard,6.009093761444093,0.5,,,20,0.9883,0.0019145640641032703
704,gaussian,15.0,knn,0.2,LGC,0.2,False,0.3,spiral_hard,11.702348232269287,0.1,,,20,0.7097333333333333,0.020925688625334282
705,gaussian,15.0,knn,0.2,LGC,0.4,False,0.0,spiral,1.575385332107544,0.05,,,20,0.9978333333333333,0.007545049885705028
706,gaussian,15.0,knn,0.2,GTAM,,False,0.4,spiral,20.49918246269226,0.01,99.0,0.0,20,0.7027,0.3773553865758084
707,gaussian,15.0,knn,0.2,LGC,0.0001,False,0.35,spiral,11.169048070907593,0.5,,,20,0.7357,0.009329701674401676
708,gaussian,15.0,knn,0.2,LGC,0.9990000000000001,False,0.1,spiral,8.882337808609007,0.1,,,20,1.0,0.0
709,gaussian,15.0,knn,0.2,LDST,,False,0.25,spiral,43.5197696685791,0.1,99.0,0.5,20,0.9951333333333332,0.005653317610041049
710,gaussian,15.0,knn,0.2,LGC,0.9,False,0.4,spiral_hard,2.357428550720215,0.01,,,20,0.5566666666666668,0.048379058830586345
711,gaussian,15.0,knn,0.2,LDST,,False,0.4,spiral,6.05902099609375,0.5,99.0,1.0,20,0.8389,0.053607327442762503
712,gaussian,15.0,knn,0.2,LGC,0.4,False,0.1,spiral_hard,2.600062608718872,0.05,,,20,0.8671333333333333,0.02540262453632167
713,gaussian,15.0,knn,0.2,LDST,,False,0.1,spiral,46.471619606018066,0.01,99.0,0.25,20,0.8941333333333332,0.24900830865209647
714,gaussian,15.0,knn,0.2,LGC,0.0001,False,0.0,spiral,8.777638912200928,0.5,,,20,1.0,0.0
715,gaussian,15.0,knn,0.2,LDST,,False,0.35,spiral_hard,50.430241107940674,0.1,99.0,0.75,20,0.9277999999999998,0.1150995897280071
716,gaussian,15.0,knn,0.2,LGC,0.0001,False,0.25,spiral,8.572948217391968,0.1,,,20,0.7666666666666667,0.02339800561301469
717,gaussian,15.0,knn,0.2,LGC,0.9,False,0.4,spiral_hard,2.867271423339844,0.1,,,20,0.6641999999999999,0.03523766923809424
718,gaussian,15.0,knn,0.2,LDST,,False,0.25,spiral,45.768242835998535,0.1,99.0,0.25,20,0.9908666666666667,0.0024774538901416662
719,gaussian,15.0,knn,0.2,LDST,,False,0.25,spiral,42.08049464225768,0.01,99.0,0.25,20,0.7187,0.36507725057703727
720,gaussian,15.0,knn,0.2,LDST,,False,0.1,spiral,19.788963556289676,0.05,99.0,1.0,20,0.9974666666666666,0.0006531972647421859
721,gaussian,15.0,knn,0.2,LDST,,False,0.3,spiral,48.03554344177246,0.1,99.0,1.0,20,0.9811333333333334,0.040500809319759974
722,gaussian,15.0,knn,0.2,LDST,,False,0.15,spiral_hard,40.069839239120476,0.01,99.0,0.75,20,0.8698666666666666,0.23717753313124373
723,gaussian,15.0,knn,0.2,LDST,,False,0.0,spiral,19.723106861114506,0.05,99.0,0.1,20,1.0,0.0
724,gaussian,15.0,knn,0.2,LGC,0.99,False,0.15,spiral,4.267420530319214,0.01,,,20,0.9054333333333334,0.08377437290457958
725,gaussian,15.0,knn,0.2,LGC,0.0001,False,0.1,spiral_hard,5.954906225204468,0.05,,,20,0.8550666666666666,0.02312036139663718
726,gaussian,15.0,knn,0.2,LGC,0.2,False,0.35,spiral,5.246319055557251,0.01,,,20,0.6506000000000001,0.0687504020190266
727,gaussian,15.0,knn,0.2,LGC,0.4,False,0.2,spiral,9.224740028381348,0.1,,,20,0.8584666666666667,0.0283886518798543
728,gaussian,15.0,knn,0.2,LDST,,False,0.0,spiral_hard,19.99204587936401,0.05,99.0,0.25,20,0.9730666666666667,0.060360914505994706
729,gaussian,15.0,knn,0.2,LGC,0.4,False,0.4,spiral,2.5262365341186523,0.1,,,20,0.6275000000000001,0.02268614359275525
730,gaussian,15.0,knn,0.2,LGC,0.2,False,0.35,spiral_hard,7.3220462799072275,0.1,,,20,0.6748666666666667,0.02178082745086708
731,gaussian,15.0,knn,0.2,LDST,,False,0.35,spiral_hard,42.74644279479981,0.5,99.0,0.75,20,0.8813333333333334,0.0480883446262074
732,gaussian,15.0,knn,0.2,LDST,,False,0.35,spiral,39.27470016479492,0.05,99.0,0.75,20,0.8751,0.2565908351182221
733,gaussian,15.0,knn,0.2,LGC,0.0001,False,0.15,spiral_hard,5.498511791229248,0.1,,,20,0.8548666666666666,0.02135738227821419
734,gaussian,15.0,knn,0.2,LGC,0.0001,False,0.25,spiral_hard,2.588459253311157,0.1,,,20,0.7615666666666667,0.02384885275600855
735,gaussian,15.0,knn,0.2,LGC,0.4,False,0.0,spiral,7.018492460250855,0.5,,,20,1.0,0.0
736,gaussian,15.0,knn,0.2,LGC,0.9990000000000001,False,0.2,spiral,9.477786779403688,0.1,,,20,1.0,0.0
737,gaussian,15.0,knn,0.2,LDST,,False,0.35,spiral_hard,38.75774812698364,0.5,99.0,0.5,20,0.8741666666666668,0.03782584360519197
738,gaussian,15.0,knn,0.2,GTAM,,False,0.4,spiral_hard,21.559735774993896,0.1,99.0,0.0,20,0.8305666666666667,0.18215759660250244
739,gaussian,15.0,knn,0.2,LDST,,False,0.25,spiral_hard,10.095133781433104,0.05,99.0,0.1,20,0.8002333333333332,0.24957771223497593
740,gaussian,15.0,knn,0.2,GTAM,,False,0.35,spiral_hard,20.19244885444641,0.1,99.0,0.0,20,0.8848666666666668,0.12073922312156893
741,gaussian,15.0,knn,0.2,LGC,0.0001,False,0.2,spiral_hard,9.348661184310911,0.01,,,20,0.6464333333333334,0.052617814896139925
742,gaussian,15.0,knn,0.2,LDST,,False,0.0,spiral_hard,18.99552774429321,0.05,99.0,1.0,20,0.9730666666666667,0.060360914505994706
743,gaussian,15.0,knn,0.2,LGC,0.9,False,0.2,spiral_hard,5.657227516174316,0.1,,,20,0.9123666666666667,0.0206036404550264
744,gaussian,15.0,knn,0.2,LDST,,False,0.25,spiral_hard,28.43339848518372,0.01,99.0,0.75,20,0.6696000000000001,0.3276782568313009
745,gaussian,15.0,knn,0.2,LDST,,False,0.0,spiral_hard,3.4028749465942383,0.5,99.0,0.1,20,0.9946666666666666,0.0012995725793078809
746,gaussian,15.0,knn,0.2,LDST,,False,0.25,spiral,47.545655727386475,0.05,99.0,0.5,20,0.9399999999999998,0.1505849335830853
747,gaussian,15.0,knn,0.2,LDST,,False,0.15,spiral,42.79367113113403,0.01,99.0,0.1,20,0.8910999999999998,0.25793782842641233
748,gaussian,15.0,knn,0.2,LDST,,False,0.2,spiral_hard,40.85863256454468,0.5,99.0,1.0,20,0.9747,0.005471034840157931
749,gaussian,15.0,knn,0.2,LGC,0.99,False,0.3,spiral,6.3887994289398184,0.05,,,20,0.9090999999999999,0.052321346822624286
750,gaussian,15.0,knn,0.2,LGC,0.9990000000000001,False,0.0,spiral_hard,1.8300666809082031,0.5,,,20,0.9826333333333335,0.004224136992728024
751,gaussian,15.0,knn,0.2,LGC,0.9,False,0.2,spiral,2.1886706352233887,0.05,,,20,0.8677333333333331,0.031167219246438314
752,gaussian,15.0,knn,0.2,LDST,,False,0.0,spiral_hard,44.504442930221565,0.1,99.0,0.75,20,0.9882000000000002,0.001266666666666672
753,gaussian,15.0,knn,0.2,LGC,0.99,False,0.0,spiral_hard,5.750916481018066,0.5,,,20,0.9880333333333333,0.0011827463332807183
754,gaussian,15.0,knn,0.2,LGC,0.9990000000000001,False,0.0,spiral_hard,4.012660264968872,0.1,,,20,0.9303666666666668,0.06930014429999407
755,gaussian,15.0,knn,0.2,LDST,,False,0.35,spiral_hard,24.04221248626709,0.1,99.0,1.0,20,0.9277999999999998,0.1150995897280071
756,gaussian,15.0,knn,0.2,LDST,,False,0.0,spiral,19.36070585250855,0.05,99.0,1.0,20,1.0,0.0
757,gaussian,15.0,knn,0.2,LGC,0.4,False,0.3,spiral,0.4737393856048584,0.05,,,20,0.7242000000000001,0.020383108475183827
758,gaussian,15.0,knn,0.2,LGC,0.4,False,0.1,spiral_hard,10.038886785507204,0.5,,,20,0.9413,0.0023520676483091236
759,gaussian,15.0,knn,0.2,LGC,0.99,False,0.3,spiral_hard,5.50316858291626,0.5,,,20,0.9735666666666669,0.016997091254420917
760,gaussian,15.0,knn,0.2,LDST,,False,0.1,spiral,43.207302808761604,0.1,99.0,0.1,20,0.9912666666666665,0.0008666666666666327
761,gaussian,15.0,knn,0.2,LGC,0.9,False,0.2,spiral_hard,8.576786279678345,0.01,,,20,0.6802999999999999,0.06415587788088217
762,gaussian,15.0,knn,0.2,GTAM,,False,0.15,spiral_hard,42.312509298324585,0.1,99.0,0.0,20,0.9732666666666667,0.0015762120556716114
763,gaussian,15.0,knn,0.2,LGC,0.0001,False,0.4,spiral_hard,7.7413389682769775,0.5,,,20,0.6527333333333333,0.010755670339148753
764,gaussian,15.0,knn,0.2,LGC,0.99,False,0.35,spiral_hard,8.184735774993896,0.5,,,20,0.9384,0.03148996312760274
765,gaussian,15.0,knn,0.2,LDST,,False,0.4,spiral_hard,11.707238912582396,0.5,99.0,1.0,20,0.8084666666666666,0.07196730739254689
766,gaussian,15.0,knn,0.2,LGC,0.4,False,0.25,spiral,5.753887414932251,0.01,,,20,0.7184333333333333,0.07258903345394382
767,gaussian,15.0,knn,0.2,LGC,0.0001,False,0.25,spiral_hard,9.145713090896605,0.05,,,20,0.7335666666666667,0.028167968411733996
