,aff_dist_func,aff_k,aff_mask_func,aff_sigma,algorithm,alpha,can_plot,corruption_level,dataset,elapsed_time,labeled_percent,mu,tuning_iter,experiments,mean_acc,sd_acc,each_acc,min_acc,max_acc,median_acc
0,gaussian,15.0,knn,0.2,LDST,,False,0.25,spiral_hard,38.79635190963745,0.01,99.0,0.5,20,0.7459000000000001,0.3049382651546958,"[0.09866666666666668, 0.1, 0.376, 0.4666666666666667, 0.5106666666666667, 0.5253333333333333, 0.5539999999999999, 0.578, 0.9026666666666666, 0.97, 0.978, 0.9826666666666668, 0.9833333333333332, 0.9840000000000001, 0.9840000000000001, 0.9840000000000001, 0.9846666666666668, 0.9846666666666668, 0.9846666666666668, 0.986]",0.09866666666666668,0.986,0.974
1,gaussian,15.0,knn,0.2,GTAM,,False,0.0,spiral_hard,28.243638277053837,0.1,99.0,0.0,20,0.9882,0.0017900962109463688,"[0.9853333333333332, 0.9853333333333332, 0.986, 0.986, 0.9866666666666668, 0.9873333333333332, 0.9873333333333332, 0.9873333333333332, 0.988, 0.988, 0.988, 0.988, 0.9893333333333332, 0.9893333333333332, 0.9893333333333332, 0.9893333333333332, 0.9906666666666668, 0.9906666666666668, 0.9906666666666668, 0.9913333333333332]",0.9853333333333332,0.9913333333333332,0.988
2,gaussian,15.0,knn,0.2,LDST,,False,0.1,spiral_hard,31.02375149726868,0.1,99.0,2.0,20,0.9790666666666669,0.0021228911104120445,"[0.9766666666666668, 0.9766666666666668, 0.9766666666666668, 0.9766666666666668, 0.9773333333333334, 0.9773333333333334, 0.9773333333333334, 0.978, 0.9786666666666668, 0.9786666666666668, 0.9786666666666668, 0.9786666666666668, 0.9793333333333332, 0.9793333333333332, 0.98, 0.9813333333333332, 0.982, 0.982, 0.982, 0.9840000000000001]",0.9766666666666668,0.9840000000000001,0.9786666666666668
3,gaussian,15.0,knn,0.2,LGC,0.2,False,0.15,spiral_hard,0.7837874889373779,0.01,,,20,0.6829999999999999,0.060940955030258606,"[0.568, 0.5706666666666667, 0.6153333333333333, 0.6246666666666667, 0.638, 0.6426666666666667, 0.6666666666666666, 0.6679999999999999, 0.6713333333333333, 0.68, 0.6826666666666666, 0.69, 0.706, 0.7093333333333334, 0.7140000000000001, 0.7306666666666667, 0.7546666666666667, 0.7606666666666667, 0.77, 0.7966666666666666]",0.568,0.7966666666666666,0.6813333333333333
4,gaussian,15.0,knn,0.2,RF,,False,0.1,spiral_hard,0.3778607845306397,0.01,,,20,0.5976666666666667,0.04486944023126058,"[0.5273333333333333, 0.5473333333333333, 0.5506666666666666, 0.556, 0.5586666666666666, 0.56, 0.5693333333333334, 0.5713333333333334, 0.5820000000000001, 0.5913333333333334, 0.5926666666666667, 0.5986666666666667, 0.6006666666666667, 0.616, 0.6186666666666667, 0.6393333333333333, 0.648, 0.6566666666666666, 0.6679999999999999, 0.7006666666666667]",0.5273333333333333,0.7006666666666667,0.5920000000000001
5,gaussian,15.0,knn,0.2,LGC,0.2,False,0.4,spiral_hard,6.897944450378418,0.1,,,20,0.6200666666666667,0.024616976978409744,"[0.5713333333333334, 0.5733333333333334, 0.5873333333333334, 0.596, 0.6, 0.612, 0.6133333333333333, 0.616, 0.6193333333333333, 0.6206666666666667, 0.622, 0.628, 0.6286666666666667, 0.6286666666666667, 0.634, 0.6406666666666667, 0.6426666666666667, 0.644, 0.6606666666666666, 0.6626666666666666]",0.5713333333333334,0.6626666666666666,0.6213333333333333
6,gaussian,15.0,knn,0.2,LDST,,False,0.1,spiral_hard,30.65290760993957,0.01,99.0,0.5,20,0.9158333333333332,0.16269260380648323,"[0.4793333333333333, 0.5326666666666666, 0.5793333333333334, 0.972, 0.9826666666666668, 0.9833333333333332, 0.9833333333333332, 0.9833333333333332, 0.9833333333333332, 0.9840000000000001, 0.9846666666666668, 0.9853333333333332, 0.9853333333333332, 0.9853333333333332, 0.9853333333333332, 0.9853333333333332, 0.9853333333333332, 0.9853333333333332, 0.9853333333333332, 0.986]",0.4793333333333333,0.986,0.9843333333333335
7,gaussian,15.0,knn,0.2,GTAM,,False,0.4,spiral_hard,25.768033742904663,0.1,99.0,0.0,20,0.7894666666666666,0.22750654203048024,"[0.124, 0.37466666666666665, 0.4746666666666667, 0.5086666666666667, 0.7493333333333333, 0.76, 0.8353333333333334, 0.8446666666666667, 0.8753333333333333, 0.8759999999999999, 0.8866666666666667, 0.9279999999999999, 0.9346666666666666, 0.94, 0.9446666666666668, 0.9453333333333334, 0.9453333333333334, 0.9453333333333334, 0.946, 0.9506666666666668]",0.124,0.9506666666666668,0.8813333333333333
8,gaussian,15.0,knn,0.2,GTAM,,False,0.25,spiral_hard,32.24758577346802,0.1,99.0,0.0,20,0.9288333333333334,0.08676324746752577,"[0.6153333333333333, 0.7453333333333333, 0.89, 0.9473333333333334, 0.9593333333333334, 0.9593333333333334, 0.9593333333333334, 0.96, 0.96, 0.9606666666666668, 0.9606666666666668, 0.9613333333333334, 0.9613333333333334, 0.9620000000000001, 0.9620000000000001, 0.9620000000000001, 0.9620000000000001, 0.9626666666666668, 0.9626666666666668, 0.9633333333333334]",0.6153333333333333,0.9633333333333334,0.9606666666666668
9,gaussian,15.0,knn,0.2,LDST,,False,0.2,spiral_hard,30.603074550628662,0.1,99.0,0.25,20,0.9608666666666668,0.021139851781252727,"[0.8953333333333333, 0.9, 0.9646666666666668, 0.9653333333333334, 0.966, 0.966, 0.9666666666666668, 0.9673333333333334, 0.9673333333333334, 0.9673333333333334, 0.968, 0.968, 0.9686666666666668, 0.9686666666666668, 0.9686666666666668, 0.9686666666666668, 0.9693333333333334, 0.97, 0.9706666666666668, 0.9706666666666668]",0.8953333333333333,0.9706666666666668,0.9676666666666667
10,gaussian,15.0,knn,0.2,LGC,0.9990000000000001,False,0.1,spiral_hard,1.8083837032318115,0.01,,,20,0.6148666666666667,0.07026366217485551,"[0.512, 0.542, 0.5426666666666666, 0.5533333333333333, 0.556, 0.5573333333333333, 0.5733333333333334, 0.578, 0.5806666666666667, 0.5826666666666667, 0.5926666666666667, 0.6186666666666667, 0.6213333333333333, 0.6373333333333333, 0.6426666666666667, 0.6913333333333334, 0.7013333333333334, 0.7106666666666667, 0.748, 0.7553333333333333]",0.512,0.7553333333333333,0.5876666666666667
11,gaussian,15.0,knn,0.2,LDST,,False,0.35,spiral_hard,33.484019041061394,0.01,99.0,0.5,20,0.7008,0.3551041537352105,"[0.021333333333333333, 0.08733333333333332, 0.09733333333333333, 0.17866666666666667, 0.276, 0.5553333333333333, 0.624, 0.7133333333333334, 0.726, 0.9059999999999999, 0.9813333333333332, 0.982, 0.982, 0.9826666666666668, 0.9833333333333332, 0.9833333333333332, 0.9833333333333332, 0.9840000000000001, 0.9840000000000001, 0.9846666666666668]",0.021333333333333333,0.9846666666666668,0.9436666666666665
12,gaussian,15.0,knn,0.2,LGC,0.9990000000000001,False,0.2,spiral_hard,4.221492290496826,0.1,,,20,0.7941,0.10396928499428194,"[0.614, 0.6393333333333333, 0.6586666666666666, 0.6653333333333333, 0.6773333333333333, 0.7153333333333334, 0.73, 0.76, 0.7633333333333333, 0.828, 0.83, 0.8393333333333334, 0.8506666666666667, 0.8586666666666667, 0.8626666666666667, 0.8873333333333333, 0.894, 0.9006666666666666, 0.9279999999999999, 0.9793333333333332]",0.614,0.9793333333333332,0.829
13,gaussian,15.0,knn,0.2,LGC,0.0001,False,0.1,spiral_hard,2.560325384140014,0.01,,,20,0.6704333333333333,0.04056724184746988,"[0.5793333333333334, 0.6033333333333334, 0.6053333333333333, 0.6353333333333333, 0.642, 0.6446666666666667, 0.6533333333333333, 0.6679999999999999, 0.6746666666666666, 0.6753333333333333, 0.6806666666666666, 0.6833333333333333, 0.6866666666666666, 0.6906666666666667, 0.7020000000000001, 0.7093333333333334, 0.7126666666666667, 0.7173333333333334, 0.7206666666666667, 0.7240000000000001]",0.5793333333333334,0.7240000000000001,0.6779999999999999
14,gaussian,15.0,knn,0.2,LGC,0.9990000000000001,False,0.2,spiral_hard,3.228461503982544,0.01,,,20,0.5871666666666666,0.060784089658031046,"[0.4766666666666667, 0.4853333333333333, 0.5093333333333333, 0.5333333333333333, 0.5446666666666666, 0.5486666666666666, 0.5526666666666666, 0.564, 0.5726666666666667, 0.584, 0.59, 0.5966666666666667, 0.606, 0.626, 0.6306666666666667, 0.644, 0.6453333333333333, 0.652, 0.6679999999999999, 0.7133333333333334]",0.4766666666666667,0.7133333333333334,0.587
15,gaussian,15.0,knn,0.2,LDST,,False,0.3,spiral_hard,34.211796522140496,0.01,99.0,0.5,20,0.7933333333333333,0.3001879411302193,"[0.02, 0.22399999999999998, 0.298, 0.4626666666666666, 0.5579999999999999, 0.6913333333333334, 0.9033333333333332, 0.904, 0.9826666666666668, 0.9826666666666668, 0.9826666666666668, 0.9826666666666668, 0.9833333333333332, 0.9833333333333332, 0.9840000000000001, 0.9840000000000001, 0.9840000000000001, 0.9846666666666668, 0.9853333333333332, 0.986]",0.02,0.986,0.9826666666666668
16,gaussian,15.0,knn,0.2,LDST,,False,0.15,spiral_hard,29.59620475769043,0.01,99.0,0.5,20,0.9210666666666667,0.16481415796789628,"[0.42866666666666653, 0.45799999999999996, 0.7906666666666666, 0.982, 0.9833333333333332, 0.9833333333333332, 0.9840000000000001, 0.9840000000000001, 0.9853333333333332, 0.9853333333333332, 0.9853333333333332, 0.9853333333333332, 0.9853333333333332, 0.9853333333333332, 0.9853333333333332, 0.986, 0.986, 0.986, 0.986, 0.986]",0.42866666666666653,0.986,0.9853333333333332
17,gaussian,15.0,knn,0.2,LGC,0.0001,False,0.2,spiral_hard,3.4435768127441406,0.1,,,20,0.8141333333333334,0.015144636014114041,"[0.774, 0.7979999999999999, 0.8013333333333333, 0.802, 0.804, 0.8059999999999999, 0.8093333333333333, 0.8113333333333334, 0.8133333333333334, 0.8133333333333334, 0.8140000000000001, 0.8146666666666667, 0.8153333333333334, 0.8166666666666667, 0.8213333333333334, 0.8246666666666667, 0.828, 0.8320000000000001, 0.84, 0.8433333333333334]",0.774,0.8433333333333334,0.8136666666666668
18,gaussian,15.0,knn,0.2,RF,,False,0.15,spiral_hard,0.6680607795715332,0.01,,,20,0.6105333333333334,0.06062034861881502,"[0.4733333333333333, 0.5226666666666666, 0.5666666666666667, 0.5686666666666667, 0.5746666666666667, 0.5833333333333334, 0.588, 0.5886666666666667, 0.5993333333333334, 0.602, 0.6046666666666667, 0.628, 0.6326666666666667, 0.634, 0.636, 0.638, 0.6433333333333333, 0.6446666666666667, 0.7186666666666667, 0.7633333333333333]",0.4733333333333333,0.7633333333333333,0.6033333333333333
19,gaussian,15.0,knn,0.2,GTAM,,False,0.35,spiral_hard,31.23465609550476,0.1,99.0,0.0,20,0.8501666666666667,0.1683307425543204,"[0.392, 0.4693333333333333, 0.63, 0.6433333333333333, 0.8453333333333334, 0.8813333333333333, 0.8826666666666667, 0.8906666666666667, 0.892, 0.95, 0.9506666666666668, 0.9506666666666668, 0.9506666666666668, 0.9520000000000001, 0.9520000000000001, 0.9526666666666668, 0.9533333333333334, 0.9540000000000001, 0.9546666666666668, 0.956]",0.392,0.956,0.9503333333333334
20,gaussian,15.0,knn,0.2,LDST,,False,0.0,spiral_hard,28.5807626247406,0.1,99.0,0.25,20,0.9879999999999998,0.0018499249234015841,"[0.9853333333333332, 0.9853333333333332, 0.9853333333333332, 0.986, 0.9866666666666668, 0.9866666666666668, 0.9873333333333332, 0.9873333333333332, 0.9873333333333332, 0.9873333333333332, 0.988, 0.988, 0.988, 0.9893333333333332, 0.9893333333333332, 0.9893333333333332, 0.9906666666666668, 0.9906666666666668, 0.9906666666666668, 0.9913333333333332]",0.9853333333333332,0.9913333333333332,0.9876666666666666
21,gaussian,15.0,knn,0.2,LGC,0.9990000000000001,False,0.1,spiral_hard,3.82176685333252,0.1,,,20,0.8363666666666667,0.10654377816966447,"[0.6053333333333333, 0.6613333333333333, 0.6946666666666667, 0.7346666666666667, 0.7513333333333333, 0.772, 0.7806666666666666, 0.8, 0.8153333333333334, 0.858, 0.8586666666666667, 0.8686666666666667, 0.882, 0.9213333333333332, 0.9246666666666666, 0.9393333333333334, 0.9446666666666668, 0.9640000000000001, 0.9740000000000001, 0.9766666666666668]",0.6053333333333333,0.9766666666666668,0.8583333333333334
22,gaussian,15.0,knn,0.2,LDST,,False,0.25,spiral_hard,35.58880591392517,0.1,99.0,1.0,20,0.9353999999999999,0.06881178839575547,"[0.6746666666666666, 0.84, 0.8913333333333333, 0.9146666666666666, 0.9146666666666666, 0.9246666666666666, 0.9620000000000001, 0.9653333333333334, 0.9653333333333334, 0.9666666666666668, 0.9666666666666668, 0.9666666666666668, 0.9673333333333334, 0.968, 0.9693333333333334, 0.9693333333333334, 0.9693333333333334, 0.97, 0.9706666666666668, 0.9713333333333334]",0.6746666666666666,0.9713333333333334,0.9666666666666668
23,gaussian,15.0,knn,0.2,LDST,,False,0.1,spiral_hard,28.33126163482666,0.1,99.0,0.25,20,0.9772333333333334,0.001829085989109196,"[0.9713333333333334, 0.976, 0.976, 0.976, 0.976, 0.976, 0.9766666666666668, 0.9766666666666668, 0.9773333333333334, 0.9773333333333334, 0.9773333333333334, 0.978, 0.978, 0.978, 0.978, 0.9786666666666668, 0.9786666666666668, 0.9786666666666668, 0.98, 0.98]",0.9713333333333334,0.98,0.9773333333333334
24,gaussian,15.0,knn,0.2,LDST,,False,0.25,spiral_hard,25.97454142570496,0.1,99.0,0.5,20,0.9367333333333334,0.09661007538899176,"[0.5333333333333333, 0.8386666666666667, 0.95, 0.9573333333333334, 0.9620000000000001, 0.9626666666666668, 0.9640000000000001, 0.9646666666666668, 0.9653333333333334, 0.9653333333333334, 0.966, 0.966, 0.9666666666666668, 0.9666666666666668, 0.9666666666666668, 0.9673333333333334, 0.9673333333333334, 0.9673333333333334, 0.968, 0.9693333333333334]",0.5333333333333333,0.9693333333333334,0.9656666666666667
25,gaussian,15.0,knn,0.2,LDST,,False,0.0,spiral_hard,30.150634288787842,0.01,99.0,1.0,20,0.9627000000000001,0.09958569174334235,"[0.5286666666666666, 0.9806666666666668, 0.9846666666666668, 0.9846666666666668, 0.9846666666666668, 0.9846666666666668, 0.9846666666666668, 0.9846666666666668, 0.9853333333333332, 0.9853333333333332, 0.986, 0.986, 0.986, 0.986, 0.986, 0.986, 0.9866666666666668, 0.9873333333333332, 0.988, 0.988]",0.5286666666666666,0.988,0.9856666666666666
26,gaussian,15.0,knn,0.2,LDST,,False,0.15,spiral_hard,32.05683755874634,0.01,99.0,2.0,20,0.9301666666666668,0.14775954565892974,"[0.47600000000000003, 0.5073333333333333, 0.888, 0.9746666666666668, 0.982, 0.9833333333333332, 0.9840000000000001, 0.9840000000000001, 0.9840000000000001, 0.9840000000000001, 0.9840000000000001, 0.9846666666666668, 0.9846666666666668, 0.9846666666666668, 0.9853333333333332, 0.986, 0.9866666666666668, 0.9866666666666668, 0.9866666666666668, 0.9866666666666668]",0.47600000000000003,0.9866666666666668,0.9840000000000001
27,gaussian,15.0,knn,0.2,LGC,0.2,False,0.35,spiral_hard,2.0297982692718506,0.1,,,20,0.6765333333333333,0.018459083882408082,"[0.6406666666666667, 0.654, 0.654, 0.6606666666666666, 0.6646666666666666, 0.6653333333333333, 0.6653333333333333, 0.6659999999999999, 0.6686666666666666, 0.6746666666666666, 0.6773333333333333, 0.6806666666666666, 0.6826666666666666, 0.6846666666666666, 0.6853333333333333, 0.69, 0.6973333333333334, 0.6986666666666667, 0.7013333333333334, 0.7186666666666667]",0.6406666666666667,0.7186666666666667,0.6759999999999999
28,gaussian,15.0,knn,0.2,LDST,,False,0.2,spiral_hard,26.59347939491272,0.1,99.0,0.5,20,0.9467999999999999,0.03832875334958515,"[0.8233333333333334, 0.898, 0.8986666666666666, 0.8986666666666666, 0.9226666666666666, 0.9406666666666668, 0.9593333333333334, 0.9653333333333334, 0.9666666666666668, 0.9673333333333334, 0.9673333333333334, 0.968, 0.9686666666666668, 0.9686666666666668, 0.9693333333333334, 0.97, 0.97, 0.9706666666666668, 0.9706666666666668, 0.972]",0.8233333333333334,0.972,0.9673333333333334
29,gaussian,15.0,knn,0.2,LDST,,False,0.3,spiral_hard,27.67925429344177,0.1,99.0,0.25,20,0.8985333333333333,0.12542347822034317,"[0.5379999999999999, 0.594, 0.7093333333333334, 0.8486666666666667, 0.9093333333333332, 0.9440000000000001, 0.9540000000000001, 0.956, 0.9566666666666668, 0.9573333333333334, 0.958, 0.9586666666666668, 0.9593333333333334, 0.9593333333333334, 0.96, 0.9606666666666668, 0.9613333333333334, 0.9613333333333334, 0.9620000000000001, 0.9626666666666668]",0.5379999999999999,0.9626666666666668,0.9576666666666667
30,gaussian,15.0,knn,0.2,RF,,False,0.4,spiral_hard,0.3370938301086426,0.1,,,20,0.6098999999999999,0.029386523744359024,"[0.5526666666666666, 0.556, 0.5673333333333334, 0.5833333333333334, 0.5873333333333334, 0.5893333333333334, 0.6006666666666667, 0.6066666666666667, 0.6126666666666667, 0.614, 0.6173333333333333, 0.6173333333333333, 0.618, 0.62, 0.6213333333333333, 0.632, 0.6459999999999999, 0.6513333333333333, 0.6513333333333333, 0.6533333333333333]",0.5526666666666666,0.6533333333333333,0.6156666666666666
31,gaussian,15.0,knn,0.2,LDST,,False,0.4,spiral_hard,28.87474346160889,0.1,99.0,1.0,20,0.7986,0.2675437160540311,"[0.11266666666666665, 0.262, 0.26266666666666666, 0.5986666666666667, 0.648, 0.8266666666666667, 0.8853333333333333, 0.8886666666666667, 0.892, 0.958, 0.9620000000000001, 0.9620000000000001, 0.9626666666666668, 0.9626666666666668, 0.9626666666666668, 0.9633333333333334, 0.9640000000000001, 0.9653333333333334, 0.966, 0.9666666666666668]",0.11266666666666665,0.9666666666666668,0.96
32,gaussian,15.0,knn,0.2,LDST,,False,0.3,spiral_hard,16.137177467346188,0.01,99.0,1.0,20,0.6344000000000001,0.350306938428446,"[0.02266666666666667, 0.02333333333333333, 0.11, 0.278, 0.316, 0.3366666666666667, 0.4766666666666667, 0.5206666666666667, 0.5493333333333333, 0.552, 0.7193333333333334, 0.904, 0.9833333333333332, 0.9846666666666668, 0.9846666666666668, 0.9846666666666668, 0.9853333333333332, 0.9853333333333332, 0.9853333333333332, 0.986]",0.02266666666666667,0.986,0.6356666666666667
33,gaussian,15.0,knn,0.2,LGC,0.9,False,0.15,spiral_hard,6.025912046432495,0.01,,,20,0.7169333333333333,0.048897807267356624,"[0.632, 0.6579999999999999, 0.662, 0.662, 0.6786666666666666, 0.682, 0.6846666666666666, 0.6853333333333333, 0.6866666666666666, 0.7020000000000001, 0.7206666666666667, 0.7253333333333334, 0.7340000000000001, 0.7566666666666667, 0.7573333333333333, 0.7746666666666666, 0.7753333333333333, 0.7786666666666666, 0.7879999999999999, 0.7946666666666666]",0.632,0.7946666666666666,0.7113333333333334
34,gaussian,15.0,knn,0.2,GTAM,,False,0.2,spiral_hard,26.800504446029663,0.1,99.0,0.0,20,0.9593666666666667,0.021398312498367225,"[0.8946666666666667, 0.8959999999999999, 0.9633333333333334, 0.9640000000000001, 0.9646666666666668, 0.9646666666666668, 0.9646666666666668, 0.966, 0.9666666666666668, 0.9666666666666668, 0.9666666666666668, 0.9666666666666668, 0.9666666666666668, 0.9673333333333334, 0.9673333333333334, 0.9673333333333334, 0.968, 0.9686666666666668, 0.9686666666666668, 0.9686666666666668]",0.8946666666666667,0.9686666666666668,0.9666666666666668
35,gaussian,15.0,knn,0.2,LDST,,False,0.0,spiral_hard,28.375012397766113,0.1,99.0,2.0,20,0.9876666666666667,0.0015420044674960497,"[0.9840000000000001, 0.9853333333333332, 0.986, 0.986, 0.9866666666666668, 0.9866666666666668, 0.9873333333333332, 0.9873333333333332, 0.9873333333333332, 0.988, 0.988, 0.988, 0.988, 0.9886666666666668, 0.9886666666666668, 0.9886666666666668, 0.9893333333333332, 0.9893333333333332, 0.9893333333333332, 0.9906666666666668]",0.9840000000000001,0.9906666666666668,0.988
36,gaussian,15.0,knn,0.2,LDST,,False,0.15,spiral_hard,23.452163696289066,0.1,99.0,0.25,20,0.9736666666666668,0.0017950549357114976,"[0.9686666666666668, 0.9713333333333334, 0.9713333333333334, 0.9726666666666668, 0.9726666666666668, 0.9726666666666668, 0.9733333333333334, 0.9733333333333334, 0.9733333333333334, 0.9733333333333334, 0.9740000000000001, 0.9740000000000001, 0.9746666666666668, 0.9746666666666668, 0.9753333333333334, 0.9753333333333334, 0.9753333333333334, 0.9753333333333334, 0.9753333333333334, 0.9766666666666668]",0.9686666666666668,0.9766666666666668,0.9736666666666667
37,gaussian,15.0,knn,0.2,LDST,,False,0.2,spiral_hard,26.958696365356445,0.1,99.0,1.0,20,0.9339333333333333,0.09951993658447429,"[0.5286666666666666, 0.8553333333333333, 0.868, 0.8946666666666667, 0.9646666666666668, 0.9673333333333334, 0.9686666666666668, 0.9686666666666668, 0.9693333333333334, 0.9706666666666668, 0.9706666666666668, 0.9713333333333334, 0.972, 0.972, 0.972, 0.9726666666666668, 0.9726666666666668, 0.9726666666666668, 0.9733333333333334, 0.9733333333333334]",0.5286666666666666,0.9733333333333334,0.9706666666666668
38,gaussian,15.0,knn,0.2,LGC,0.2,False,0.25,spiral_hard,3.0491225719451904,0.01,,,20,0.5981000000000001,0.04660389826327122,"[0.5206666666666667, 0.5306666666666666, 0.5393333333333333, 0.5466666666666666, 0.5546666666666666, 0.5546666666666666, 0.5546666666666666, 0.588, 0.59, 0.602, 0.608, 0.6126666666666667, 0.6226666666666667, 0.6266666666666667, 0.6373333333333333, 0.64, 0.6446666666666667, 0.6466666666666666, 0.6513333333333333, 0.6906666666666667]",0.5206666666666667,0.6906666666666667,0.605
39,gaussian,15.0,knn,0.2,LDST,,False,0.15,spiral_hard,31.766468048095703,0.1,99.0,2.0,20,0.9776666666666667,0.0017448336437736202,"[0.9733333333333334, 0.9746666666666668, 0.976, 0.976, 0.9766666666666668, 0.9773333333333334, 0.9773333333333334, 0.9773333333333334, 0.9773333333333334, 0.978, 0.978, 0.978, 0.978, 0.9786666666666668, 0.9786666666666668, 0.9786666666666668, 0.9786666666666668, 0.9793333333333332, 0.98, 0.9813333333333332]",0.9733333333333334,0.9813333333333332,0.978
40,gaussian,15.0,knn,0.2,LGC,0.9,False,0.0,spiral_hard,3.0340807437896733,0.1,,,20,0.9847333333333333,0.004136020631798953,"[0.9706666666666668, 0.9793333333333332, 0.9813333333333332, 0.982, 0.9833333333333332, 0.9840000000000001, 0.9846666666666668, 0.9853333333333332, 0.9853333333333332, 0.9853333333333332, 0.986, 0.986, 0.986, 0.9866666666666668, 0.9866666666666668, 0.9866666666666668, 0.9873333333333332, 0.988, 0.9886666666666668, 0.9913333333333332]",0.9706666666666668,0.9913333333333332,0.9856666666666666
41,gaussian,15.0,knn,0.2,GTAM,,False,0.15,spiral_hard,34.41423559188843,0.1,99.0,0.0,20,0.9731000000000002,0.0012160957564636586,"[0.9706666666666668, 0.9713333333333334, 0.972, 0.972, 0.972, 0.972, 0.9726666666666668, 0.9726666666666668, 0.9726666666666668, 0.9733333333333334, 0.9733333333333334, 0.9733333333333334, 0.9733333333333334, 0.9733333333333334, 0.9740000000000001, 0.9740000000000001, 0.9740000000000001, 0.9746666666666668, 0.9753333333333334, 0.9753333333333334]",0.9706666666666668,0.9753333333333334,0.9733333333333334
42,gaussian,15.0,knn,0.2,LDST,,False,0.4,spiral_hard,29.6922869682312,0.01,99.0,0.5,20,0.5948333333333333,0.38775753449231076,"[0.017333333333333333, 0.018000000000000002, 0.01933333333333333, 0.04933333333333333, 0.08, 0.31666666666666665, 0.3346666666666667, 0.4733333333333333, 0.4773333333333333, 0.6813333333333333, 0.7426666666666667, 0.902, 0.9059999999999999, 0.9813333333333332, 0.982, 0.9826666666666668, 0.9826666666666668, 0.9833333333333332, 0.9833333333333332, 0.9833333333333332]",0.017333333333333333,0.9833333333333332,0.712
43,gaussian,15.0,knn,0.2,LGC,0.9,False,0.35,spiral_hard,4.9404802322387695,0.1,,,20,0.7454333333333334,0.02862188362463626,"[0.6633333333333333, 0.7113333333333334, 0.7120000000000001, 0.7186666666666667, 0.7193333333333334, 0.7293333333333333, 0.7373333333333333, 0.7426666666666667, 0.7473333333333333, 0.7493333333333333, 0.7566666666666667, 0.7613333333333333, 0.7613333333333333, 0.7646666666666667, 0.7653333333333333, 0.7673333333333333, 0.768, 0.7713333333333333, 0.7773333333333333, 0.7846666666666666]",0.6633333333333333,0.7846666666666666,0.753
44,gaussian,15.0,knn,0.2,LGC,0.2,False,0.0,spiral_hard,1.604215145111084,0.01,,,20,0.7388666666666667,0.06250692406090348,"[0.6286666666666667, 0.6513333333333333, 0.6673333333333333, 0.6906666666666667, 0.6920000000000001, 0.7013333333333334, 0.708, 0.718, 0.7233333333333334, 0.7246666666666667, 0.7326666666666667, 0.7333333333333333, 0.7340000000000001, 0.7713333333333333, 0.7733333333333333, 0.7873333333333333, 0.8059999999999999, 0.8126666666666666, 0.8366666666666667, 0.8846666666666667]",0.6286666666666667,0.8846666666666667,0.7286666666666667
45,gaussian,15.0,knn,0.2,RF,,False,0.4,spiral_hard,0.3486723899841309,0.01,,,20,0.5390666666666667,0.05402402757621423,"[0.4186666666666667, 0.474, 0.4786666666666667, 0.4826666666666667, 0.496, 0.496, 0.5066666666666667, 0.5113333333333333, 0.5193333333333333, 0.5493333333333333, 0.55, 0.5533333333333333, 0.5686666666666667, 0.5713333333333334, 0.584, 0.5866666666666667, 0.5866666666666667, 0.6046666666666667, 0.6166666666666667, 0.6266666666666667]",0.4186666666666667,0.6266666666666667,0.5496666666666667
46,gaussian,15.0,knn,0.2,LGC,0.9,False,0.0,spiral_hard,4.505382299423218,0.01,,,20,0.7792333333333332,0.06334009613015897,"[0.6459999999999999, 0.7153333333333334, 0.7206666666666667, 0.73, 0.7306666666666667, 0.7353333333333333, 0.7373333333333333, 0.7553333333333333, 0.7586666666666667, 0.768, 0.7766666666666666, 0.78, 0.7853333333333333, 0.7879999999999999, 0.794, 0.8573333333333333, 0.86, 0.86, 0.89, 0.8959999999999999]",0.6459999999999999,0.8959999999999999,0.7723333333333333
47,gaussian,15.0,knn,0.2,LDST,,False,0.25,spiral_hard,19.080014705657963,0.01,99.0,1.0,20,0.8222333333333334,0.24609088429548412,"[0.26066666666666666, 0.3653333333333333, 0.4706666666666667, 0.5246666666666666, 0.5539999999999999, 0.5806666666666667, 0.9033333333333332, 0.9786666666666668, 0.9826666666666668, 0.9826666666666668, 0.9826666666666668, 0.9826666666666668, 0.9833333333333332, 0.9840000000000001, 0.9840000000000001, 0.9846666666666668, 0.9846666666666668, 0.9846666666666668, 0.9853333333333332, 0.9853333333333332]",0.26066666666666666,0.9853333333333332,0.9826666666666668
48,gaussian,15.0,knn,0.2,GTAM,,False,0.3,spiral_hard,14.106890439987184,0.01,99.0,0.0,20,0.6858666666666667,0.39153995680872444,"[0.02266666666666667, 0.02333333333333333, 0.025333333333333333, 0.05466666666666667, 0.3366666666666667, 0.3386666666666667, 0.4766666666666667, 0.636, 0.982, 0.9826666666666668, 0.9826666666666668, 0.9833333333333332, 0.9833333333333332, 0.9840000000000001, 0.9840000000000001, 0.9840000000000001, 0.9840000000000001, 0.9840000000000001, 0.9846666666666668, 0.9846666666666668]",0.02266666666666667,0.9846666666666668,0.9826666666666668
49,gaussian,15.0,knn,0.2,LGC,0.9990000000000001,False,0.3,spiral_hard,4.252641677856444,0.01,,,20,0.5660999999999999,0.05785816949902387,"[0.4693333333333333, 0.4993333333333334, 0.514, 0.5233333333333333, 0.5253333333333333, 0.5273333333333333, 0.5293333333333333, 0.5346666666666666, 0.542, 0.5433333333333333, 0.5466666666666666, 0.5533333333333333, 0.562, 0.5793333333333334, 0.6173333333333333, 0.6213333333333333, 0.6433333333333333, 0.6473333333333333, 0.6526666666666666, 0.6906666666666667]",0.4693333333333333,0.6906666666666667,0.5449999999999999
50,gaussian,15.0,knn,0.2,LDST,,False,0.1,spiral_hard,30.06212973594665,0.1,99.0,1.0,20,0.9785,0.0015329709716755363,"[0.9746666666666668, 0.9766666666666668, 0.9766666666666668, 0.9773333333333334, 0.9773333333333334, 0.9773333333333334, 0.978, 0.9786666666666668, 0.9786666666666668, 0.9786666666666668, 0.9786666666666668, 0.9786666666666668, 0.9793333333333332, 0.9793333333333332, 0.9793333333333332, 0.9793333333333332, 0.9793333333333332, 0.9793333333333332, 0.9806666666666668, 0.982]",0.9746666666666668,0.982,0.9786666666666668
51,gaussian,15.0,knn,0.2,LGC,0.9990000000000001,False,0.0,spiral_hard,1.9330379962921145,0.01,,,20,0.6400333333333333,0.05590526709433459,"[0.536, 0.568, 0.5753333333333334, 0.5766666666666667, 0.5846666666666667, 0.5886666666666667, 0.5973333333333334, 0.6133333333333333, 0.6353333333333333, 0.6459999999999999, 0.6546666666666666, 0.6579999999999999, 0.6626666666666666, 0.6633333333333333, 0.684, 0.69, 0.7053333333333334, 0.7093333333333334, 0.718, 0.7340000000000001]",0.536,0.7340000000000001,0.6503333333333332
52,gaussian,15.0,knn,0.2,GTAM,,False,0.2,spiral_hard,25.908892393112183,0.01,99.0,0.0,20,0.8677999999999999,0.2359600813697097,"[0.28, 0.368, 0.42866666666666653, 0.5366666666666666, 0.982, 0.9826666666666668, 0.9826666666666668, 0.9826666666666668, 0.9833333333333332, 0.9833333333333332, 0.9840000000000001, 0.9840000000000001, 0.9840000000000001, 0.9840000000000001, 0.9846666666666668, 0.9846666666666668, 0.9846666666666668, 0.9846666666666668, 0.9853333333333332, 0.986]",0.28,0.986,0.9836666666666667
53,gaussian,15.0,knn,0.2,LGC,0.2,False,0.3,spiral_hard,2.3448054790496826,0.1,,,20,0.7110666666666667,0.018240857679640194,"[0.6753333333333333, 0.682, 0.6873333333333334, 0.6893333333333334, 0.6986666666666667, 0.6993333333333334, 0.7, 0.7106666666666667, 0.7113333333333334, 0.7133333333333334, 0.7153333333333334, 0.7173333333333334, 0.7173333333333334, 0.7173333333333334, 0.718, 0.72, 0.7306666666666667, 0.7346666666666667, 0.7413333333333333, 0.742]",0.6753333333333333,0.742,0.7143333333333334
54,gaussian,15.0,knn,0.2,LDST,,False,0.0,spiral_hard,29.89418601989746,0.01,99.0,0.5,20,0.9100333333333335,0.17995350942828414,"[0.44066666666666665, 0.4813333333333333, 0.5266666666666666, 0.9840000000000001, 0.9846666666666668, 0.9846666666666668, 0.9846666666666668, 0.9846666666666668, 0.9846666666666668, 0.9846666666666668, 0.9846666666666668, 0.9853333333333332, 0.9853333333333332, 0.986, 0.986, 0.986, 0.986, 0.9866666666666668, 0.9866666666666668, 0.9873333333333332]",0.44066666666666665,0.9873333333333332,0.9846666666666668
55,gaussian,15.0,knn,0.2,GTAM,,False,0.15,spiral_hard,28.80613899230957,0.01,99.0,0.0,20,0.8763666666666667,0.21844048007027755,"[0.2793333333333333, 0.36733333333333335, 0.47600000000000003, 0.7879999999999999, 0.8733333333333333, 0.9633333333333334, 0.9793333333333332, 0.9833333333333332, 0.9833333333333332, 0.9840000000000001, 0.9840000000000001, 0.9840000000000001, 0.9846666666666668, 0.9846666666666668, 0.9853333333333332, 0.9853333333333332, 0.9853333333333332, 0.9853333333333332, 0.9853333333333332, 0.986]",0.2793333333333333,0.986,0.9840000000000001
56,gaussian,15.0,knn,0.2,LDST,,False,0.35,spiral_hard,18.69132351875305,0.01,99.0,0.25,20,0.7279333333333333,0.32408043583173746,"[0.07733333333333334, 0.10133333333333333, 0.2833333333333333, 0.36466666666666653, 0.44466666666666665, 0.4933333333333334, 0.5253333333333333, 0.5506666666666666, 0.9033333333333332, 0.9813333333333332, 0.982, 0.982, 0.9826666666666668, 0.9833333333333332, 0.9833333333333332, 0.9833333333333332, 0.9840000000000001, 0.9840000000000001, 0.9840000000000001, 0.9846666666666668]",0.07733333333333334,0.9846666666666668,0.9816666666666666
57,gaussian,15.0,knn,0.2,LGC,0.9,False,0.25,spiral_hard,3.1908626556396484,0.1,,,20,0.8592333333333334,0.02807947055531259,"[0.818, 0.8226666666666667, 0.8226666666666667, 0.8246666666666667, 0.8273333333333334, 0.83, 0.836, 0.8540000000000001, 0.8593333333333333, 0.8633333333333333, 0.8640000000000001, 0.8693333333333333, 0.8706666666666667, 0.872, 0.872, 0.8793333333333333, 0.894, 0.8966666666666666, 0.898, 0.9106666666666666]",0.818,0.9106666666666666,0.8636666666666667
58,gaussian,15.0,knn,0.2,LDST,,False,0.0,spiral_hard,36.11645913124085,0.01,99.0,2.0,20,0.9069999999999998,0.18290185589241265,"[0.466, 0.4666666666666667, 0.4826666666666667, 0.9740000000000001, 0.9740000000000001, 0.9746666666666668, 0.9846666666666668, 0.9846666666666668, 0.9846666666666668, 0.9853333333333332, 0.9853333333333332, 0.9853333333333332, 0.9853333333333332, 0.9853333333333332, 0.986, 0.9866666666666668, 0.9866666666666668, 0.9873333333333332, 0.9873333333333332, 0.9873333333333332]",0.466,0.9873333333333332,0.9853333333333332
59,gaussian,15.0,knn,0.2,LGC,0.2,False,0.2,spiral_hard,4.236521005630493,0.1,,,20,0.8129333333333333,0.019459816146213834,"[0.7793333333333333, 0.7813333333333333, 0.7979999999999999, 0.802, 0.802, 0.8046666666666666, 0.8053333333333333, 0.8073333333333333, 0.8079999999999999, 0.8086666666666666, 0.8126666666666666, 0.8146666666666667, 0.8146666666666667, 0.8153333333333334, 0.816, 0.82, 0.8206666666666667, 0.8346666666666667, 0.8433333333333334, 0.87]",0.7793333333333333,0.87,0.8106666666666666
60,gaussian,15.0,knn,0.2,RF,,False,0.25,spiral_hard,0.3525240421295166,0.1,,,20,0.7663333333333333,0.02668041312357145,"[0.7046666666666667, 0.7240000000000001, 0.73, 0.742, 0.75, 0.76, 0.7626666666666667, 0.7626666666666667, 0.7659999999999999, 0.768, 0.7693333333333333, 0.7693333333333333, 0.7726666666666666, 0.774, 0.778, 0.7806666666666666, 0.7879999999999999, 0.7986666666666666, 0.8073333333333333, 0.8186666666666667]",0.7046666666666667,0.8186666666666667,0.7686666666666666
61,gaussian,15.0,knn,0.2,LDST,,False,0.15,spiral_hard,31.607935428619385,0.01,99.0,1.0,20,0.8236333333333334,0.2975172431977683,"[0.022000000000000002, 0.278, 0.2866666666666667, 0.48200000000000004, 0.634, 0.982, 0.9833333333333332, 0.9840000000000001, 0.9840000000000001, 0.9846666666666668, 0.9846666666666668, 0.9846666666666668, 0.9846666666666668, 0.9846666666666668, 0.9853333333333332, 0.9853333333333332, 0.9853333333333332, 0.9853333333333332, 0.986, 0.986]",0.022000000000000002,0.986,0.9846666666666668
62,gaussian,15.0,knn,0.2,LDST,,False,0.0,spiral_hard,36.47888517379761,0.01,99.0,0.25,20,0.9066000000000001,0.19335044751837419,"[0.3093333333333333, 0.5286666666666666, 0.5313333333333333, 0.9846666666666668, 0.9846666666666668, 0.9846666666666668, 0.9846666666666668, 0.9846666666666668, 0.9853333333333332, 0.986, 0.986, 0.986, 0.986, 0.986, 0.9866666666666668, 0.9866666666666668, 0.9873333333333332, 0.9873333333333332, 0.988, 0.988]",0.3093333333333333,0.988,0.986
63,gaussian,15.0,knn,0.2,LGC,0.9990000000000001,False,0.35,spiral_hard,4.230157375335693,0.1,,,20,0.6760666666666666,0.10567411119937456,"[0.518, 0.5226666666666666, 0.5466666666666666, 0.5539999999999999, 0.5646666666666667, 0.604, 0.614, 0.626, 0.6266666666666667, 0.652, 0.6573333333333333, 0.706, 0.758, 0.7633333333333333, 0.7646666666666667, 0.7826666666666666, 0.7953333333333333, 0.7973333333333333, 0.7979999999999999, 0.87]",0.518,0.87,0.6546666666666667
64,gaussian,15.0,knn,0.2,LGC,0.0001,False,0.3,spiral_hard,3.036320686340332,0.01,,,20,0.6045,0.05061570902397791,"[0.5206666666666667, 0.528, 0.5526666666666666, 0.5553333333333333, 0.568, 0.5706666666666667, 0.5726666666666667, 0.5793333333333334, 0.5886666666666667, 0.5926666666666667, 0.6146666666666667, 0.6166666666666667, 0.618, 0.6233333333333333, 0.6313333333333333, 0.6333333333333333, 0.642, 0.6686666666666666, 0.706, 0.7073333333333334]",0.5206666666666667,0.7073333333333334,0.6036666666666667
65,gaussian,15.0,knn,0.2,LDST,,False,0.35,spiral_hard,18.83718228340149,0.01,99.0,1.0,20,0.7589,0.29196813182263576,"[0.098, 0.2833333333333333, 0.364, 0.4773333333333333, 0.4786666666666667, 0.494, 0.578, 0.6086666666666667, 0.9773333333333334, 0.9786666666666668, 0.982, 0.9826666666666668, 0.9826666666666668, 0.9826666666666668, 0.9833333333333332, 0.9846666666666668, 0.9846666666666668, 0.9853333333333332, 0.9853333333333332, 0.9866666666666668]",0.098,0.9866666666666668,0.9803333333333334
66,gaussian,15.0,knn,0.2,LGC,0.0001,False,0.15,spiral_hard,4.571274280548097,0.1,,,20,0.8583000000000001,0.018948438809921333,"[0.8079999999999999, 0.8346666666666667, 0.8420000000000001, 0.8446666666666667, 0.8473333333333334, 0.85, 0.852, 0.852, 0.8533333333333334, 0.8540000000000001, 0.8593333333333333, 0.862, 0.862, 0.8626666666666667, 0.872, 0.8753333333333333, 0.8759999999999999, 0.878, 0.8853333333333333, 0.8953333333333333]",0.8079999999999999,0.8953333333333333,0.8566666666666667
67,gaussian,15.0,knn,0.2,LGC,0.0001,False,0.25,spiral_hard,3.395918369293213,0.1,,,20,0.7594666666666667,0.02129329576285559,"[0.7293333333333333, 0.7326666666666667, 0.7326666666666667, 0.738, 0.7426666666666667, 0.7440000000000001, 0.7473333333333333, 0.7473333333333333, 0.748, 0.7533333333333333, 0.7546666666666667, 0.7659999999999999, 0.7666666666666667, 0.768, 0.7706666666666667, 0.7766666666666666, 0.784, 0.7879999999999999, 0.7966666666666666, 0.8026666666666666]",0.7293333333333333,0.8026666666666666,0.754
68,gaussian,15.0,knn,0.2,RF,,False,0.0,spiral_hard,0.13261866569519046,0.1,,,20,0.9447000000000001,0.010367631252015988,"[0.9246666666666666, 0.9273333333333332, 0.9359999999999999, 0.9373333333333334, 0.9373333333333334, 0.938, 0.9393333333333334, 0.9406666666666668, 0.9420000000000001, 0.9426666666666668, 0.9440000000000001, 0.946, 0.9473333333333334, 0.948, 0.9506666666666668, 0.9526666666666668, 0.9533333333333334, 0.9566666666666668, 0.9646666666666668, 0.9653333333333334]",0.9246666666666666,0.9653333333333334,0.9433333333333334
69,gaussian,15.0,knn,0.2,LDST,,False,0.0,spiral_hard,26.428432703018192,0.1,99.0,0.5,20,0.9876333333333335,0.0015842979517755088,"[0.9833333333333332, 0.9853333333333332, 0.986, 0.9866666666666668, 0.9866666666666668, 0.9866666666666668, 0.9873333333333332, 0.9873333333333332, 0.9873333333333332, 0.9873333333333332, 0.988, 0.988, 0.988, 0.9886666666666668, 0.9886666666666668, 0.9886666666666668, 0.9893333333333332, 0.9893333333333332, 0.99, 0.99]",0.9833333333333332,0.99,0.9876666666666666
70,gaussian,15.0,knn,0.2,LDST,,False,0.25,spiral_hard,17.579748630523678,0.01,99.0,0.25,20,0.7619999999999999,0.28841906239975806,"[0.022000000000000002, 0.19933333333333333, 0.426, 0.5266666666666666, 0.5539999999999999, 0.5686666666666667, 0.6306666666666667, 0.68, 0.9033333333333332, 0.9033333333333332, 0.978, 0.982, 0.982, 0.982, 0.9826666666666668, 0.9833333333333332, 0.9833333333333332, 0.9840000000000001, 0.9840000000000001, 0.9846666666666668]",0.022000000000000002,0.9846666666666668,0.9406666666666665
71,gaussian,15.0,knn,0.2,LGC,0.9,False,0.2,spiral_hard,3.0262932777404785,0.01,,,20,0.6741666666666666,0.041937983313989284,"[0.6006666666666667, 0.6086666666666667, 0.6306666666666667, 0.634, 0.6406666666666667, 0.6433333333333333, 0.6446666666666667, 0.6566666666666666, 0.67, 0.6706666666666666, 0.6753333333333333, 0.6759999999999999, 0.6786666666666666, 0.7033333333333334, 0.7033333333333334, 0.7086666666666667, 0.7113333333333334, 0.7293333333333333, 0.7373333333333333, 0.76]",0.6006666666666667,0.76,0.673
72,gaussian,15.0,knn,0.2,LDST,,False,0.25,spiral_hard,33.187355041503906,0.1,99.0,2.0,20,0.9172,0.17139708282231647,"[0.366, 0.44266666666666665, 0.9713333333333334, 0.9713333333333334, 0.972, 0.972, 0.9726666666666668, 0.9726666666666668, 0.9726666666666668, 0.9733333333333334, 0.9733333333333334, 0.9740000000000001, 0.9740000000000001, 0.9740000000000001, 0.976, 0.9766666666666668, 0.9766666666666668, 0.9773333333333334, 0.9773333333333334, 0.978]",0.366,0.978,0.9733333333333334
73,gaussian,15.0,knn,0.2,RF,,False,0.3,spiral_hard,0.4122440814971924,0.01,,,20,0.5586666666666666,0.05152043823140051,"[0.456, 0.4886666666666667, 0.494, 0.5, 0.5133333333333333, 0.522, 0.5226666666666666, 0.53, 0.5653333333333334, 0.5673333333333334, 0.5693333333333334, 0.5773333333333334, 0.5773333333333334, 0.5806666666666667, 0.6046666666666667, 0.6066666666666667, 0.6066666666666667, 0.6086666666666667, 0.6313333333333333, 0.6513333333333333]",0.456,0.6513333333333333,0.5683333333333334
74,gaussian,15.0,knn,0.2,LGC,0.9,False,0.1,spiral_hard,3.020721912384033,0.01,,,20,0.7154,0.04172870048832632,"[0.6366666666666667, 0.6559999999999999, 0.6566666666666666, 0.6646666666666666, 0.6813333333333333, 0.6833333333333333, 0.7, 0.7066666666666667, 0.7073333333333334, 0.7186666666666667, 0.722, 0.7266666666666667, 0.7333333333333333, 0.7346666666666667, 0.746, 0.7493333333333333, 0.7513333333333333, 0.76, 0.7793333333333333, 0.794]",0.6366666666666667,0.794,0.7203333333333333
75,gaussian,15.0,knn,0.2,LGC,0.2,False,0.2,spiral_hard,2.563073873519897,0.01,,,20,0.6321000000000001,0.04460556766443697,"[0.544, 0.5813333333333334, 0.59, 0.5953333333333334, 0.5953333333333334, 0.596, 0.6033333333333334, 0.6146666666666667, 0.618, 0.6186666666666667, 0.622, 0.6266666666666667, 0.6466666666666666, 0.6553333333333333, 0.6726666666666666, 0.674, 0.6746666666666666, 0.6953333333333334, 0.698, 0.72]",0.544,0.72,0.6203333333333334
76,gaussian,15.0,knn,0.2,LDST,,False,0.2,spiral_hard,26.41263723373413,0.01,99.0,2.0,20,0.9404333333333333,0.1315388028935442,"[0.526, 0.5666666666666667, 0.9766666666666668, 0.9833333333333332, 0.9833333333333332, 0.9833333333333332, 0.9840000000000001, 0.9840000000000001, 0.9840000000000001, 0.9840000000000001, 0.9846666666666668, 0.9846666666666668, 0.9846666666666668, 0.9846666666666668, 0.9846666666666668, 0.9853333333333332, 0.9853333333333332, 0.986, 0.9866666666666668, 0.9866666666666668]",0.526,0.9866666666666668,0.9843333333333335
77,gaussian,15.0,knn,0.2,LGC,0.0001,False,0.4,spiral_hard,1.67734956741333,0.01,,,20,0.5443666666666667,0.04396183951261972,"[0.48200000000000004, 0.4886666666666667, 0.496, 0.5013333333333333, 0.508, 0.5086666666666667, 0.52, 0.5206666666666667, 0.53, 0.5313333333333333, 0.5393333333333333, 0.5526666666666666, 0.5586666666666666, 0.564, 0.5673333333333334, 0.574, 0.5773333333333334, 0.6, 0.61, 0.6573333333333333]",0.48200000000000004,0.6573333333333333,0.5353333333333333
78,gaussian,15.0,knn,0.2,LDST,,False,0.4,spiral_hard,33.77464866638184,0.1,99.0,0.25,20,0.8031666666666666,0.17049912023233438,"[0.3506666666666667, 0.4233333333333333, 0.6273333333333333, 0.6506666666666666, 0.6859999999999999, 0.7493333333333333, 0.7766666666666666, 0.8486666666666667, 0.87, 0.8759999999999999, 0.8773333333333333, 0.8786666666666667, 0.8793333333333333, 0.882, 0.9386666666666666, 0.9446666666666668, 0.9486666666666668, 0.9513333333333334, 0.9520000000000001, 0.9520000000000001]",0.3506666666666667,0.9520000000000001,0.8766666666666666
79,gaussian,15.0,knn,0.2,LDST,,False,0.2,spiral_hard,31.508113384246826,0.1,99.0,2.0,20,0.9690000000000001,0.01661257890207834,"[0.904, 0.946, 0.9633333333333334, 0.966, 0.9673333333333334, 0.9713333333333334, 0.9726666666666668, 0.9740000000000001, 0.9740000000000001, 0.9746666666666668, 0.9746666666666668, 0.9753333333333334, 0.9753333333333334, 0.9753333333333334, 0.976, 0.9766666666666668, 0.9766666666666668, 0.9766666666666668, 0.9793333333333332, 0.9806666666666668]",0.904,0.9806666666666668,0.9746666666666668
80,gaussian,15.0,knn,0.2,LDST,,False,0.25,spiral_hard,28.62102723121643,0.1,99.0,0.25,20,0.9237333333333334,0.09177494211384721,"[0.6173333333333333, 0.7006666666666667, 0.8913333333333333, 0.8946666666666667, 0.9293333333333332, 0.9593333333333334, 0.9606666666666668, 0.9606666666666668, 0.9613333333333334, 0.9620000000000001, 0.9620000000000001, 0.9620000000000001, 0.9626666666666668, 0.9633333333333334, 0.9640000000000001, 0.9640000000000001, 0.9640000000000001, 0.9646666666666668, 0.9653333333333334, 0.9653333333333334]",0.6173333333333333,0.9653333333333334,0.9620000000000001
81,gaussian,15.0,knn,0.2,LDST,,False,0.15,spiral_hard,26.98720479011536,0.01,99.0,0.25,20,0.8417,0.25172581865549226,"[0.2793333333333333, 0.2866666666666667, 0.36733333333333335, 0.47600000000000003, 0.7879999999999999, 0.8733333333333333, 0.9633333333333334, 0.9793333333333332, 0.9833333333333332, 0.9840000000000001, 0.9846666666666668, 0.9846666666666668, 0.9846666666666668, 0.9853333333333332, 0.9853333333333332, 0.9853333333333332, 0.9853333333333332, 0.986, 0.986, 0.986]",0.2793333333333333,0.986,0.9843333333333335
82,gaussian,15.0,knn,0.2,RF,,False,0.25,spiral_hard,0.4223799705505371,0.01,,,20,0.5749666666666666,0.04848343359677955,"[0.44466666666666665, 0.5046666666666667, 0.5286666666666666, 0.5326666666666666, 0.536, 0.542, 0.552, 0.5533333333333333, 0.5746666666666667, 0.5913333333333334, 0.596, 0.5966666666666667, 0.5986666666666667, 0.606, 0.6133333333333333, 0.6153333333333333, 0.6186666666666667, 0.6193333333333333, 0.6353333333333333, 0.64]",0.44466666666666665,0.64,0.5936666666666667
83,gaussian,15.0,knn,0.2,LDST,,False,0.4,spiral_hard,29.38693356513977,0.1,99.0,0.5,20,0.8394666666666666,0.1771686704182706,"[0.37866666666666665, 0.4893333333333333, 0.5226666666666666, 0.6506666666666666, 0.7693333333333333, 0.8266666666666667, 0.8793333333333333, 0.8793333333333333, 0.894, 0.9506666666666668, 0.9520000000000001, 0.9526666666666668, 0.9526666666666668, 0.9526666666666668, 0.9540000000000001, 0.9540000000000001, 0.956, 0.9566666666666668, 0.958, 0.96]",0.37866666666666665,0.96,0.9513333333333334
84,gaussian,15.0,knn,0.2,LDST,,False,0.15,spiral_hard,28.513949394226074,0.1,99.0,0.5,20,0.9743666666666669,0.0027686739706140173,"[0.966, 0.9706666666666668, 0.9713333333333334, 0.9726666666666668, 0.9726666666666668, 0.9733333333333334, 0.9733333333333334, 0.9740000000000001, 0.9740000000000001, 0.9746666666666668, 0.9753333333333334, 0.9753333333333334, 0.9753333333333334, 0.976, 0.9766666666666668, 0.9766666666666668, 0.9766666666666668, 0.9773333333333334, 0.9773333333333334, 0.978]",0.966,0.978,0.9750000000000001
85,gaussian,15.0,knn,0.2,LGC,0.9990000000000001,False,0.4,spiral_hard,3.683948993682861,0.1,,,20,0.6347333333333334,0.08494335367368852,"[0.52, 0.5306666666666666, 0.5486666666666666, 0.5646666666666667, 0.5720000000000001, 0.5813333333333334, 0.5873333333333334, 0.5906666666666667, 0.5993333333333334, 0.608, 0.6133333333333333, 0.6253333333333333, 0.6386666666666667, 0.6533333333333333, 0.6713333333333333, 0.6793333333333333, 0.7233333333333334, 0.7373333333333333, 0.8206666666666667, 0.8293333333333334]",0.52,0.8293333333333334,0.6106666666666667
86,gaussian,15.0,knn,0.2,LGC,0.2,False,0.35,spiral_hard,2.3586642742156982,0.01,,,20,0.5861666666666667,0.0525834257791052,"[0.47600000000000003, 0.5266666666666666, 0.5406666666666666, 0.544, 0.55, 0.5526666666666666, 0.556, 0.5633333333333334, 0.5646666666666667, 0.5706666666666667, 0.5813333333333334, 0.588, 0.5906666666666667, 0.5966666666666667, 0.6153333333333333, 0.6293333333333333, 0.6513333333333333, 0.6686666666666666, 0.6693333333333333, 0.688]",0.47600000000000003,0.688,0.5760000000000001
87,gaussian,15.0,knn,0.2,LDST,,False,0.3,spiral_hard,25.84750437736511,0.1,99.0,0.5,20,0.8799333333333335,0.1645666227803601,"[0.4533333333333333, 0.4873333333333333, 0.5426666666666666, 0.8633333333333333, 0.888, 0.9359999999999999, 0.9406666666666668, 0.9553333333333334, 0.958, 0.9593333333333334, 0.9593333333333334, 0.9593333333333334, 0.9593333333333334, 0.96, 0.9613333333333334, 0.9613333333333334, 0.9620000000000001, 0.9626666666666668, 0.9640000000000001, 0.9653333333333334]",0.4533333333333333,0.9653333333333334,0.9593333333333334
88,gaussian,15.0,knn,0.2,LDST,,False,0.3,spiral_hard,31.47443222999573,0.1,99.0,2.0,20,0.9562333333333333,0.029009787620349427,"[0.894, 0.8953333333333333, 0.898, 0.9086666666666666, 0.9626666666666668, 0.9640000000000001, 0.966, 0.9666666666666668, 0.9693333333333334, 0.97, 0.97, 0.97, 0.9706666666666668, 0.9713333333333334, 0.9713333333333334, 0.9713333333333334, 0.9726666666666668, 0.9746666666666668, 0.9766666666666668, 0.9813333333333332]",0.894,0.9813333333333332,0.97
89,gaussian,15.0,knn,0.2,LDST,,False,0.3,spiral_hard,27.828749895095825,0.1,99.0,1.0,20,0.9209666666666669,0.11514637544351009,"[0.5253333333333333, 0.6506666666666666, 0.8586666666666667, 0.9473333333333334, 0.9566666666666668, 0.9566666666666668, 0.9620000000000001, 0.9640000000000001, 0.9640000000000001, 0.9640000000000001, 0.9646666666666668, 0.9646666666666668, 0.9653333333333334, 0.966, 0.9666666666666668, 0.9673333333333334, 0.968, 0.9686666666666668, 0.9686666666666668, 0.97]",0.5253333333333333,0.97,0.9643333333333335
90,gaussian,15.0,knn,0.2,LGC,0.9990000000000001,False,0.25,spiral_hard,3.4678285121917725,0.01,,,20,0.5574000000000001,0.055969793440549497,"[0.47600000000000003, 0.4933333333333334, 0.5046666666666667, 0.5053333333333333, 0.506, 0.518, 0.5253333333333333, 0.53, 0.5393333333333333, 0.54, 0.5433333333333333, 0.5473333333333333, 0.552, 0.5706666666666667, 0.5973333333333334, 0.6106666666666667, 0.6266666666666667, 0.6333333333333333, 0.6373333333333333, 0.6913333333333334]",0.47600000000000003,0.6913333333333334,0.5416666666666667
91,gaussian,15.0,knn,0.2,LGC,0.9,False,0.3,spiral_hard,3.5111112594604488,0.1,,,20,0.7994666666666668,0.02713718236417824,"[0.7426666666666667, 0.7546666666666667, 0.7633333333333333, 0.778, 0.778, 0.78, 0.7813333333333333, 0.7933333333333333, 0.7953333333333333, 0.8053333333333333, 0.8079999999999999, 0.8079999999999999, 0.8133333333333334, 0.816, 0.818, 0.8206666666666667, 0.8220000000000001, 0.8240000000000001, 0.8386666666666667, 0.8486666666666667]",0.7426666666666667,0.8486666666666667,0.8066666666666666
92,gaussian,15.0,knn,0.2,GTAM,,False,0.3,spiral_hard,32.317961931228645,0.1,99.0,0.0,20,0.8870666666666667,0.12141799244300203,"[0.5393333333333333, 0.6646666666666666, 0.7033333333333334, 0.7286666666666667, 0.846, 0.9059999999999999, 0.9213333333333332, 0.9513333333333334, 0.9533333333333334, 0.9540000000000001, 0.9553333333333334, 0.9566666666666668, 0.9566666666666668, 0.9566666666666668, 0.9566666666666668, 0.9566666666666668, 0.9573333333333334, 0.958, 0.958, 0.9613333333333334]",0.5393333333333333,0.9613333333333334,0.9546666666666668
93,gaussian,15.0,knn,0.2,RF,,False,0.35,spiral_hard,0.5249252319335938,0.01,,,20,0.5537,0.0641427141441472,"[0.4033333333333333, 0.4613333333333333, 0.46799999999999997, 0.4853333333333333, 0.5066666666666667, 0.514, 0.5253333333333333, 0.5406666666666666, 0.556, 0.5573333333333333, 0.5666666666666667, 0.5753333333333334, 0.5820000000000001, 0.5853333333333334, 0.594, 0.6086666666666667, 0.6266666666666667, 0.6346666666666667, 0.638, 0.6446666666666667]",0.4033333333333333,0.6446666666666667,0.562
94,gaussian,15.0,knn,0.2,LDST,,False,0.1,spiral_hard,28.138814210891727,0.1,99.0,0.5,20,0.9770333333333335,0.0010214368964029507,"[0.9753333333333334, 0.976, 0.976, 0.976, 0.976, 0.976, 0.9766666666666668, 0.9766666666666668, 0.9766666666666668, 0.9766666666666668, 0.9766666666666668, 0.9773333333333334, 0.9773333333333334, 0.9773333333333334, 0.978, 0.978, 0.978, 0.978, 0.9786666666666668, 0.9793333333333332]",0.9753333333333334,0.9793333333333332,0.9766666666666668
95,gaussian,15.0,knn,0.2,LGC,0.0001,False,0.0,spiral_hard,3.8345017433166495,0.1,,,20,0.9717666666666664,0.008417640207722513,"[0.948, 0.9533333333333334, 0.9646666666666668, 0.9653333333333334, 0.97, 0.97, 0.972, 0.9726666666666668, 0.9726666666666668, 0.9733333333333334, 0.9740000000000001, 0.9740000000000001, 0.9740000000000001, 0.9753333333333334, 0.976, 0.9773333333333334, 0.9786666666666668, 0.9786666666666668, 0.982, 0.9833333333333332]",0.948,0.9833333333333332,0.9736666666666667
96,gaussian,15.0,knn,0.2,LGC,0.9990000000000001,False,0.25,spiral_hard,1.8300154209136963,0.1,,,20,0.7764666666666666,0.09490793199493684,"[0.6133333333333333, 0.632, 0.6366666666666667, 0.6433333333333333, 0.7086666666666667, 0.7393333333333333, 0.7406666666666667, 0.76, 0.7606666666666667, 0.7673333333333333, 0.7773333333333333, 0.7893333333333333, 0.8186666666666667, 0.8253333333333334, 0.8333333333333334, 0.852, 0.86, 0.8866666666666667, 0.9346666666666666, 0.95]",0.6133333333333333,0.95,0.7723333333333333
97,gaussian,15.0,knn,0.2,LDST,,False,0.4,spiral_hard,25.44247555732727,0.01,99.0,2.0,20,0.5173666666666666,0.3478058510146142,"[0.016666666666666666, 0.016666666666666666, 0.034666666666666665, 0.04, 0.043333333333333335, 0.2893333333333333, 0.4493333333333333, 0.4926666666666666, 0.494, 0.5053333333333333, 0.5533333333333333, 0.5653333333333334, 0.5660000000000001, 0.5660000000000001, 0.7933333333333333, 0.9833333333333332, 0.9840000000000001, 0.9840000000000001, 0.9846666666666668, 0.9853333333333332]",0.016666666666666666,0.9853333333333332,0.5293333333333333
98,gaussian,15.0,knn,0.2,LGC,0.9,False,0.4,spiral_hard,1.7667672634124756,0.01,,,20,0.5569,0.059373871919108215,"[0.4593333333333333, 0.4633333333333333, 0.4846666666666667, 0.4966666666666666, 0.5086666666666667, 0.5113333333333333, 0.5173333333333333, 0.524, 0.53, 0.5453333333333333, 0.5606666666666666, 0.5833333333333334, 0.5913333333333334, 0.5946666666666667, 0.5946666666666667, 0.6213333333333333, 0.6246666666666667, 0.6346666666666667, 0.6406666666666667, 0.6513333333333333]",0.4593333333333333,0.6513333333333333,0.5529999999999999
99,gaussian,15.0,knn,0.2,LGC,0.9,False,0.15,spiral_hard,4.246341466903687,0.1,,,20,0.9418333333333335,0.01834105897827182,"[0.8946666666666667, 0.9186666666666666, 0.92, 0.9253333333333332, 0.9259999999999999, 0.9313333333333332, 0.9346666666666666, 0.9353333333333332, 0.938, 0.9426666666666668, 0.9466666666666668, 0.9513333333333334, 0.9520000000000001, 0.9533333333333334, 0.9540000000000001, 0.9566666666666668, 0.96, 0.96, 0.9673333333333334, 0.9686666666666668]",0.8946666666666667,0.9686666666666668,0.9446666666666668
100,gaussian,15.0,knn,0.2,LDST,,False,0.1,spiral_hard,34.01342439651489,0.01,99.0,1.0,20,0.9337666666666667,0.15770961712379286,"[0.37133333333333335, 0.5686666666666667, 0.9833333333333332, 0.9833333333333332, 0.9840000000000001, 0.9840000000000001, 0.9846666666666668, 0.9846666666666668, 0.9846666666666668, 0.9853333333333332, 0.9853333333333332, 0.9853333333333332, 0.986, 0.986, 0.986, 0.986, 0.9866666666666668, 0.9866666666666668, 0.9866666666666668, 0.9866666666666668]",0.37133333333333335,0.9866666666666668,0.9853333333333332
101,gaussian,15.0,knn,0.2,LGC,0.9,False,0.4,spiral_hard,5.119986534118652,0.1,,,20,0.6666333333333333,0.025004421831170402,"[0.6213333333333333, 0.6326666666666667, 0.636, 0.6466666666666666, 0.6473333333333333, 0.6486666666666666, 0.65, 0.6526666666666666, 0.6553333333333333, 0.6559999999999999, 0.6753333333333333, 0.6759999999999999, 0.6759999999999999, 0.6773333333333333, 0.6786666666666666, 0.688, 0.6953333333333334, 0.7046666666666667, 0.706, 0.7086666666666667]",0.6213333333333333,0.7086666666666667,0.6656666666666666
102,gaussian,15.0,knn,0.2,LGC,0.0001,False,0.2,spiral_hard,3.375770807266236,0.01,,,20,0.6333666666666666,0.03411775360587374,"[0.564, 0.5820000000000001, 0.6013333333333334, 0.6026666666666667, 0.6026666666666667, 0.6073333333333333, 0.6086666666666667, 0.62, 0.6266666666666667, 0.6286666666666667, 0.638, 0.6446666666666667, 0.6453333333333333, 0.6573333333333333, 0.6606666666666666, 0.6633333333333333, 0.6666666666666666, 0.6713333333333333, 0.6746666666666666, 0.7013333333333334]",0.564,0.7013333333333334,0.6333333333333333
103,gaussian,15.0,knn,0.2,LDST,,False,0.4,spiral_hard,17.66904330253601,0.01,99.0,1.0,20,0.6809333333333333,0.33786857405407406,"[0.01533333333333333, 0.018666666666666668, 0.09933333333333333, 0.44133333333333336, 0.4713333333333333, 0.494, 0.506, 0.5553333333333333, 0.6233333333333333, 0.636, 0.904, 0.982, 0.982, 0.982, 0.9833333333333332, 0.9833333333333332, 0.9840000000000001, 0.9840000000000001, 0.9846666666666668, 0.9886666666666668]",0.01533333333333333,0.9886666666666668,0.77
104,gaussian,15.0,knn,0.2,LDST,,False,0.2,spiral_hard,27.533233165740967,0.01,99.0,1.0,20,0.9215000000000002,0.18928460347083467,"[0.2793333333333333, 0.43799999999999994, 0.9813333333333332, 0.9826666666666668, 0.9826666666666668, 0.9826666666666668, 0.9833333333333332, 0.9833333333333332, 0.9840000000000001, 0.9840000000000001, 0.9840000000000001, 0.9840000000000001, 0.9840000000000001, 0.9846666666666668, 0.9846666666666668, 0.9846666666666668, 0.9853333333333332, 0.9853333333333332, 0.9853333333333332, 0.9866666666666668]",0.2793333333333333,0.9866666666666668,0.9840000000000001
105,gaussian,15.0,knn,0.2,RF,,False,0.1,spiral_hard,0.3799896240234375,0.1,,,20,0.8986000000000001,0.01581686863235996,"[0.8726666666666667, 0.8740000000000001, 0.88, 0.8813333333333333, 0.8833333333333333, 0.888, 0.8893333333333333, 0.8906666666666667, 0.8906666666666667, 0.9, 0.9006666666666666, 0.904, 0.9066666666666666, 0.9079999999999999, 0.9093333333333332, 0.91, 0.9173333333333332, 0.9173333333333332, 0.9186666666666666, 0.93]",0.8726666666666667,0.93,0.9003333333333333
106,gaussian,15.0,knn,0.2,LDST,,False,0.25,spiral_hard,27.885989665985107,0.01,99.0,2.0,20,0.7252333333333332,0.2776621668302848,"[0.11866666666666667, 0.4193333333333333, 0.43466666666666665, 0.44733333333333336, 0.4626666666666666, 0.4633333333333333, 0.4646666666666667, 0.4786666666666667, 0.6206666666666667, 0.8533333333333334, 0.9033333333333332, 0.972, 0.9813333333333332, 0.9826666666666668, 0.9826666666666668, 0.9833333333333332, 0.9833333333333332, 0.9833333333333332, 0.9840000000000001, 0.9853333333333332]",0.11866666666666667,0.9853333333333332,0.8783333333333333
107,gaussian,15.0,knn,0.2,RF,,False,0.2,spiral_hard,0.49607968330383295,0.1,,,20,0.8181666666666667,0.023163069265055927,"[0.7766666666666666, 0.78, 0.7833333333333333, 0.7906666666666666, 0.794, 0.8, 0.8146666666666667, 0.8166666666666667, 0.8206666666666667, 0.8220000000000001, 0.8233333333333334, 0.8273333333333334, 0.8293333333333334, 0.83, 0.8320000000000001, 0.8320000000000001, 0.8353333333333334, 0.8413333333333334, 0.8533333333333334, 0.8606666666666667]",0.7766666666666666,0.8606666666666667,0.8226666666666667
108,gaussian,15.0,knn,0.2,LGC,0.9990000000000001,False,0.3,spiral_hard,3.348227500915528,0.1,,,20,0.7298666666666668,0.09445671554268184,"[0.6046666666666667, 0.6073333333333333, 0.6253333333333333, 0.6453333333333333, 0.6459999999999999, 0.6486666666666666, 0.6646666666666666, 0.6653333333333333, 0.6659999999999999, 0.6793333333333333, 0.732, 0.7546666666666667, 0.7826666666666666, 0.79, 0.7966666666666666, 0.8173333333333334, 0.82, 0.8613333333333333, 0.8640000000000001, 0.9259999999999999]",0.6046666666666667,0.9259999999999999,0.7056666666666667
109,gaussian,15.0,knn,0.2,LGC,0.2,False,0.25,spiral_hard,2.508655309677124,0.1,,,20,0.7727333333333333,0.02400731370043536,"[0.7286666666666667, 0.7346666666666667, 0.7453333333333333, 0.7473333333333333, 0.7473333333333333, 0.7526666666666667, 0.7559999999999999, 0.7673333333333333, 0.7673333333333333, 0.7706666666666667, 0.7713333333333333, 0.7879999999999999, 0.7886666666666666, 0.79, 0.7946666666666666, 0.7966666666666666, 0.7973333333333333, 0.7993333333333333, 0.802, 0.8093333333333333]",0.7286666666666667,0.8093333333333333,0.771
110,gaussian,15.0,knn,0.2,GTAM,,False,0.4,spiral_hard,5.053398847579956,0.01,99.0,0.0,20,0.6695999999999999,0.3254584732001577,"[0.02, 0.02466666666666667, 0.10266666666666667, 0.4606666666666666, 0.4773333333333333, 0.502, 0.5246666666666666, 0.5473333333333333, 0.5913333333333334, 0.652, 0.8220000000000001, 0.9006666666666666, 0.902, 0.9733333333333334, 0.9806666666666668, 0.9813333333333332, 0.9813333333333332, 0.982, 0.9826666666666668, 0.9833333333333332]",0.02,0.9833333333333332,0.7370000000000001
111,gaussian,15.0,knn,0.2,LDST,,False,0.3,spiral_hard,30.824100017547607,0.01,99.0,2.0,20,0.6873333333333332,0.3145535107276838,"[0.018666666666666668, 0.09866666666666668, 0.39066666666666666, 0.4233333333333333, 0.4706666666666667, 0.4953333333333334, 0.5066666666666667, 0.516, 0.536, 0.5379999999999999, 0.8933333333333333, 0.9833333333333332, 0.9833333333333332, 0.9833333333333332, 0.9840000000000001, 0.9846666666666668, 0.9846666666666668, 0.9853333333333332, 0.9853333333333332, 0.9853333333333332]",0.018666666666666668,0.9853333333333332,0.7156666666666667
112,gaussian,15.0,knn,0.2,LGC,0.9990000000000001,False,0.15,spiral_hard,2.367075204849243,0.01,,,20,0.5867666666666668,0.047653972668719985,"[0.5066666666666667, 0.5086666666666667, 0.5426666666666666, 0.544, 0.5546666666666666, 0.5579999999999999, 0.5666666666666667, 0.568, 0.5693333333333334, 0.5706666666666667, 0.5820000000000001, 0.5846666666666667, 0.588, 0.6126666666666667, 0.6133333333333333, 0.628, 0.6366666666666667, 0.6413333333333333, 0.672, 0.6873333333333334]",0.5066666666666667,0.6873333333333334,0.5763333333333334
113,gaussian,15.0,knn,0.2,LDST,,False,0.4,spiral_hard,32.946187019348145,0.1,99.0,2.0,20,0.5923666666666667,0.32761545717163254,"[0.02333333333333333, 0.04466666666666667, 0.11599999999999999, 0.12133333333333332, 0.3033333333333333, 0.414, 0.48200000000000004, 0.4973333333333334, 0.5133333333333333, 0.5266666666666666, 0.7066666666666667, 0.7446666666666667, 0.7786666666666666, 0.8866666666666667, 0.8906666666666667, 0.8913333333333333, 0.9633333333333334, 0.9786666666666668, 0.982, 0.9826666666666668]",0.02333333333333333,0.9826666666666668,0.6166666666666667
114,gaussian,15.0,knn,0.2,LGC,0.9,False,0.35,spiral_hard,2.3299193382263184,0.01,,,20,0.6039000000000001,0.0444238549530417,"[0.5006666666666667, 0.5413333333333333, 0.5426666666666666, 0.5593333333333333, 0.5733333333333334, 0.5793333333333334, 0.5793333333333334, 0.5833333333333334, 0.6046666666666667, 0.6133333333333333, 0.6153333333333333, 0.6213333333333333, 0.6233333333333333, 0.624, 0.626, 0.652, 0.654, 0.6593333333333333, 0.6626666666666666, 0.6626666666666666]",0.5006666666666667,0.6626666666666666,0.6143333333333333
115,gaussian,15.0,knn,0.2,LGC,0.0001,False,0.3,spiral_hard,5.129472494125366,0.1,,,20,0.7017333333333333,0.01734153652041504,"[0.664, 0.674, 0.6786666666666666, 0.6893333333333334, 0.6906666666666667, 0.6906666666666667, 0.6953333333333334, 0.696, 0.6986666666666667, 0.7, 0.7020000000000001, 0.708, 0.708, 0.7093333333333334, 0.7126666666666667, 0.718, 0.7206666666666667, 0.7206666666666667, 0.7226666666666667, 0.7353333333333333]",0.664,0.7353333333333333,0.7010000000000001
116,gaussian,15.0,knn,0.2,LGC,0.9990000000000001,False,0.0,spiral_hard,3.4983718395233154,0.1,,,20,0.9237666666666666,0.05581567880085305,"[0.8186666666666667, 0.8333333333333334, 0.8540000000000001, 0.8586666666666667, 0.8766666666666667, 0.882, 0.8913333333333333, 0.902, 0.9113333333333332, 0.9153333333333332, 0.9186666666666666, 0.9606666666666668, 0.976, 0.9773333333333334, 0.9773333333333334, 0.9813333333333332, 0.9833333333333332, 0.9833333333333332, 0.986, 0.988]",0.8186666666666667,0.988,0.9169999999999999
117,gaussian,15.0,knn,0.2,GTAM,,False,0.25,spiral_hard,14.691461086273193,0.01,99.0,0.0,20,0.7413666666666667,0.29157019166345977,"[0.022000000000000002, 0.19933333333333333, 0.426, 0.5266666666666666, 0.536, 0.5539999999999999, 0.5686666666666667, 0.5853333333333334, 0.68, 0.9033333333333332, 0.978, 0.9813333333333332, 0.982, 0.982, 0.9826666666666668, 0.9833333333333332, 0.9833333333333332, 0.9840000000000001, 0.9846666666666668, 0.9846666666666668]",0.022000000000000002,0.9846666666666668,0.9406666666666665
118,gaussian,15.0,knn,0.2,LGC,0.2,False,0.15,spiral_hard,6.3403401374816895,0.1,,,20,0.8709999999999999,0.02009588128061179,"[0.8293333333333334, 0.8433333333333334, 0.8506666666666667, 0.852, 0.8540000000000001, 0.8640000000000001, 0.8640000000000001, 0.8653333333333333, 0.8653333333333333, 0.866, 0.8686666666666667, 0.8713333333333333, 0.872, 0.8773333333333333, 0.8833333333333333, 0.8913333333333333, 0.8913333333333333, 0.8946666666666667, 0.9073333333333332, 0.9086666666666666]",0.8293333333333334,0.9086666666666666,0.8673333333333333
119,gaussian,15.0,knn,0.2,LGC,0.9,False,0.2,spiral_hard,5.992288589477539,0.1,,,20,0.9079666666666666,0.01958170915250589,"[0.8546666666666667, 0.8633333333333333, 0.8913333333333333, 0.8966666666666666, 0.9013333333333332, 0.9053333333333332, 0.9066666666666666, 0.9066666666666666, 0.9079999999999999, 0.9093333333333332, 0.9133333333333332, 0.9159999999999999, 0.9166666666666666, 0.9173333333333332, 0.9179999999999999, 0.9206666666666666, 0.9213333333333332, 0.9246666666666666, 0.9293333333333332, 0.9386666666666666]",0.8546666666666667,0.9386666666666666,0.9113333333333332
120,gaussian,15.0,knn,0.2,LGC,0.9990000000000001,False,0.35,spiral_hard,2.9427764415740967,0.01,,,20,0.5379666666666666,0.04139429644018337,"[0.4686666666666667, 0.488, 0.4953333333333334, 0.496, 0.5006666666666667, 0.5066666666666667, 0.508, 0.5226666666666666, 0.5246666666666666, 0.5286666666666666, 0.5306666666666666, 0.54, 0.5473333333333333, 0.5493333333333333, 0.5686666666666667, 0.5786666666666667, 0.5920000000000001, 0.594, 0.5953333333333334, 0.624]",0.4686666666666667,0.624,0.5296666666666666
121,gaussian,15.0,knn,0.2,LDST,,False,0.2,spiral_hard,34.95401167869568,0.01,99.0,0.5,20,0.9298333333333332,0.15129909671464226,"[0.4786666666666667, 0.4793333333333333, 0.904, 0.9813333333333332, 0.982, 0.9826666666666668, 0.9826666666666668, 0.9826666666666668, 0.9833333333333332, 0.9833333333333332, 0.9846666666666668, 0.9846666666666668, 0.9846666666666668, 0.9846666666666668, 0.9853333333333332, 0.986, 0.986, 0.986, 0.986, 0.9886666666666668]",0.4786666666666667,0.9886666666666668,0.984
122,gaussian,15.0,knn,0.2,LDST,,False,0.35,spiral_hard,31.18022155761719,0.1,99.0,1.0,20,0.7930333333333334,0.2330549267638187,"[0.3153333333333333, 0.37933333333333336, 0.4106666666666667, 0.5093333333333333, 0.5206666666666667, 0.5533333333333333, 0.8573333333333333, 0.8806666666666667, 0.884, 0.8906666666666667, 0.9626666666666668, 0.9633333333333334, 0.9640000000000001, 0.9640000000000001, 0.966, 0.966, 0.9666666666666668, 0.9686666666666668, 0.9686666666666668, 0.9693333333333334]",0.3153333333333333,0.9693333333333334,0.9266666666666667
123,gaussian,15.0,knn,0.2,RF,,False,0.15,spiral_hard,0.5318689346313477,0.1,,,20,0.8565333333333331,0.022195695278339176,"[0.8073333333333333, 0.8113333333333334, 0.8340000000000001, 0.8346666666666667, 0.8433333333333334, 0.8473333333333334, 0.85, 0.8513333333333334, 0.8533333333333334, 0.856, 0.8566666666666667, 0.862, 0.8686666666666667, 0.8686666666666667, 0.8733333333333333, 0.8773333333333333, 0.8786666666666667, 0.8833333333333333, 0.8859999999999999, 0.8873333333333333]",0.8073333333333333,0.8873333333333333,0.8563333333333334
124,gaussian,15.0,knn,0.2,LGC,0.0001,False,0.4,spiral_hard,4.136267900466919,0.1,,,20,0.6031333333333333,0.02084343754971547,"[0.5506666666666666, 0.5793333333333334, 0.58, 0.5893333333333334, 0.5913333333333334, 0.594, 0.596, 0.5966666666666667, 0.6, 0.606, 0.6066666666666667, 0.6066666666666667, 0.6073333333333333, 0.6086666666666667, 0.6086666666666667, 0.6113333333333333, 0.6166666666666667, 0.6246666666666667, 0.6373333333333333, 0.6513333333333333]",0.5506666666666666,0.6513333333333333,0.6063333333333334
125,gaussian,15.0,knn,0.2,LGC,0.2,False,0.4,spiral_hard,1.9105117321014404,0.01,,,20,0.5529000000000001,0.0507640620912078,"[0.426, 0.4906666666666666, 0.49200000000000005, 0.5006666666666667, 0.5153333333333333, 0.516, 0.5286666666666666, 0.5379999999999999, 0.5406666666666666, 0.5660000000000001, 0.5693333333333334, 0.5713333333333334, 0.5766666666666667, 0.5886666666666667, 0.5886666666666667, 0.5906666666666667, 0.596, 0.608, 0.6206666666666667, 0.634]",0.426,0.634,0.5676666666666668
126,gaussian,15.0,knn,0.2,LDST,,False,0.1,spiral_hard,32.174495697021484,0.01,99.0,0.25,20,0.8036,0.2921016870125121,"[0.102, 0.21733333333333327, 0.37066666666666653, 0.4966666666666666, 0.5313333333333333, 0.568, 0.9833333333333332, 0.9840000000000001, 0.9840000000000001, 0.9840000000000001, 0.9840000000000001, 0.9846666666666668, 0.9846666666666668, 0.9846666666666668, 0.9853333333333332, 0.9853333333333332, 0.9853333333333332, 0.9853333333333332, 0.9853333333333332, 0.986]",0.102,0.986,0.9840000000000001
127,gaussian,15.0,knn,0.2,GTAM,,False,0.1,spiral_hard,32.55881333351135,0.1,99.0,0.0,20,0.9763666666666666,0.0020706949987329567,"[0.9713333333333334, 0.9726666666666668, 0.9726666666666668, 0.9753333333333334, 0.9753333333333334, 0.976, 0.976, 0.976, 0.976, 0.9766666666666668, 0.9766666666666668, 0.9773333333333334, 0.9773333333333334, 0.9773333333333334, 0.978, 0.978, 0.978, 0.9786666666666668, 0.9786666666666668, 0.9793333333333332]",0.9713333333333334,0.9793333333333332,0.9766666666666668
128,gaussian,15.0,knn,0.2,LGC,0.0001,False,0.15,spiral_hard,3.9290246963500977,0.01,,,20,0.6762666666666666,0.04248210080597345,"[0.5806666666666667, 0.6093333333333333, 0.6266666666666667, 0.6313333333333333, 0.652, 0.6613333333333333, 0.6613333333333333, 0.664, 0.6659999999999999, 0.6706666666666666, 0.6766666666666666, 0.6906666666666667, 0.6926666666666667, 0.6933333333333334, 0.6940000000000001, 0.72, 0.7206666666666667, 0.7246666666666667, 0.7426666666666667, 0.7466666666666667]",0.5806666666666667,0.7466666666666667,0.6736666666666666
129,gaussian,15.0,knn,0.2,RF,,False,0.0,spiral_hard,0.3230750560760498,0.01,,,20,0.6303666666666667,0.04355812208991567,"[0.5333333333333333, 0.5626666666666666, 0.5846666666666667, 0.5920000000000001, 0.5973333333333334, 0.6046666666666667, 0.61, 0.616, 0.618, 0.626, 0.63, 0.6313333333333333, 0.6459999999999999, 0.6613333333333333, 0.6659999999999999, 0.68, 0.6826666666666666, 0.6833333333333333, 0.6886666666666666, 0.6933333333333334]",0.5333333333333333,0.6933333333333334,0.628
130,gaussian,15.0,knn,0.2,LGC,0.9990000000000001,False,0.4,spiral_hard,1.5228667259216309,0.01,,,20,0.5337,0.04760227585595743,"[0.39799999999999996, 0.4913333333333333, 0.4946666666666666, 0.4946666666666666, 0.4953333333333334, 0.5, 0.5166666666666667, 0.5213333333333333, 0.5306666666666666, 0.5313333333333333, 0.5386666666666666, 0.5406666666666666, 0.5466666666666666, 0.5546666666666666, 0.556, 0.578, 0.5853333333333334, 0.5986666666666667, 0.6, 0.6013333333333334]",0.39799999999999996,0.6013333333333334,0.5349999999999999
131,gaussian,15.0,knn,0.2,LGC,0.2,False,0.1,spiral_hard,1.7988989353179932,0.01,,,20,0.6767,0.05361362803533361,"[0.5926666666666667, 0.6033333333333334, 0.6106666666666667, 0.6106666666666667, 0.6266666666666667, 0.636, 0.6559999999999999, 0.6586666666666666, 0.66, 0.6606666666666666, 0.6626666666666666, 0.6853333333333333, 0.7086666666666667, 0.7153333333333334, 0.7186666666666667, 0.722, 0.7240000000000001, 0.7366666666666667, 0.7693333333333333, 0.7759999999999999]",0.5926666666666667,0.7759999999999999,0.6616666666666666
132,gaussian,15.0,knn,0.2,LDST,,False,0.35,spiral_hard,23.934091567993164,0.1,99.0,0.25,20,0.8406,0.17394173992716325,"[0.32466666666666666, 0.532, 0.6453333333333333, 0.6653333333333333, 0.6806666666666666, 0.8433333333333334, 0.846, 0.8653333333333333, 0.8993333333333333, 0.9513333333333334, 0.9513333333333334, 0.9546666666666668, 0.9546666666666668, 0.9546666666666668, 0.956, 0.956, 0.9566666666666668, 0.9573333333333334, 0.9586666666666668, 0.9586666666666668]",0.32466666666666666,0.9586666666666668,0.9513333333333334
133,gaussian,15.0,knn,0.2,GTAM,,False,0.0,spiral_hard,31.70682430267334,0.01,99.0,0.0,20,0.9062333333333333,0.19320297616755286,"[0.3093333333333333, 0.5286666666666666, 0.5313333333333333, 0.9806666666666668, 0.9846666666666668, 0.9846666666666668, 0.9846666666666668, 0.9846666666666668, 0.9846666666666668, 0.9853333333333332, 0.9853333333333332, 0.986, 0.986, 0.986, 0.986, 0.9866666666666668, 0.9866666666666668, 0.9873333333333332, 0.988, 0.988]",0.3093333333333333,0.988,0.9853333333333332
134,gaussian,15.0,knn,0.2,RF,,False,0.2,spiral_hard,0.4364078044891357,0.01,,,20,0.5941333333333334,0.05740677466795863,"[0.486, 0.4886666666666667, 0.5166666666666667, 0.55, 0.5539999999999999, 0.5566666666666666, 0.5733333333333334, 0.5753333333333334, 0.5806666666666667, 0.5853333333333334, 0.5946666666666667, 0.596, 0.6153333333333333, 0.6313333333333333, 0.6473333333333333, 0.6566666666666666, 0.6566666666666666, 0.6646666666666666, 0.6766666666666666, 0.6766666666666666]",0.486,0.6766666666666666,0.5900000000000001
135,gaussian,15.0,knn,0.2,LGC,0.0001,False,0.35,spiral_hard,3.077763795852661,0.1,,,20,0.6611,0.02572095989223143,"[0.6106666666666667, 0.6193333333333333, 0.6226666666666667, 0.634, 0.6373333333333333, 0.6433333333333333, 0.6506666666666666, 0.6533333333333333, 0.6606666666666666, 0.662, 0.662, 0.6766666666666666, 0.6779999999999999, 0.6786666666666666, 0.68, 0.6833333333333333, 0.6853333333333333, 0.6906666666666667, 0.696, 0.6973333333333334]",0.6106666666666667,0.6973333333333334,0.662
136,gaussian,15.0,knn,0.2,LGC,0.2,False,0.3,spiral_hard,2.8985371589660645,0.01,,,20,0.6031666666666665,0.05502196531083443,"[0.49, 0.5033333333333333, 0.552, 0.5579999999999999, 0.5646666666666667, 0.574, 0.5813333333333334, 0.584, 0.5986666666666667, 0.6, 0.61, 0.6253333333333333, 0.6266666666666667, 0.6266666666666667, 0.6293333333333333, 0.63, 0.6413333333333333, 0.6453333333333333, 0.7006666666666667, 0.722]",0.49,0.722,0.605
137,gaussian,15.0,knn,0.2,LGC,0.0001,False,0.0,spiral_hard,2.847614526748657,0.01,,,20,0.7172999999999999,0.06907370459637059,"[0.5873333333333334, 0.6086666666666667, 0.6333333333333333, 0.6693333333333333, 0.674, 0.6793333333333333, 0.6813333333333333, 0.6846666666666666, 0.6993333333333334, 0.7066666666666667, 0.718, 0.718, 0.7246666666666667, 0.7366666666666667, 0.762, 0.7633333333333333, 0.8086666666666666, 0.8220000000000001, 0.8313333333333334, 0.8373333333333334]",0.5873333333333334,0.8373333333333334,0.7123333333333333
138,gaussian,15.0,knn,0.2,LGC,0.9,False,0.1,spiral_hard,1.3140993118286133,0.1,,,20,0.9592666666666668,0.015536194300192502,"[0.9179999999999999, 0.9373333333333334, 0.9386666666666666, 0.9406666666666668, 0.9413333333333334, 0.9593333333333334, 0.96, 0.9606666666666668, 0.9606666666666668, 0.9613333333333334, 0.9626666666666668, 0.9653333333333334, 0.9666666666666668, 0.9686666666666668, 0.97, 0.972, 0.9726666666666668, 0.9740000000000001, 0.9773333333333334, 0.978]",0.9179999999999999,0.978,0.9620000000000001
139,gaussian,15.0,knn,0.2,LDST,,False,0.35,spiral_hard,29.976886749267575,0.1,99.0,2.0,20,0.8205666666666668,0.2675366039338252,"[0.19399999999999998, 0.30666666666666664, 0.3626666666666667, 0.39799999999999996, 0.5973333333333334, 0.9440000000000001, 0.9620000000000001, 0.9686666666666668, 0.9693333333333334, 0.9693333333333334, 0.97, 0.97, 0.97, 0.97, 0.9733333333333334, 0.976, 0.9766666666666668, 0.9766666666666668, 0.978, 0.9786666666666668]",0.19399999999999998,0.9786666666666668,0.9696666666666667
140,gaussian,15.0,knn,0.2,GTAM,,False,0.1,spiral_hard,32.83580732345581,0.01,99.0,0.0,20,0.8245333333333333,0.28945739275793636,"[0.102, 0.21733333333333327, 0.37066666666666653, 0.4966666666666666, 0.5313333333333333, 0.9833333333333332, 0.9833333333333332, 0.9840000000000001, 0.9840000000000001, 0.9840000000000001, 0.9846666666666668, 0.9846666666666668, 0.9846666666666668, 0.9853333333333332, 0.9853333333333332, 0.9853333333333332, 0.986, 0.986, 0.986, 0.986]",0.102,0.986,0.9843333333333335
141,gaussian,15.0,knn,0.2,LDST,,False,0.35,spiral_hard,27.107292890548703,0.1,99.0,0.5,20,0.8775999999999999,0.15379183622315226,"[0.39866666666666667, 0.6226666666666667, 0.6313333333333333, 0.7146666666666667, 0.8826666666666667, 0.8846666666666667, 0.9540000000000001, 0.9566666666666668, 0.9573333333333334, 0.958, 0.958, 0.958, 0.958, 0.9586666666666668, 0.9586666666666668, 0.9593333333333334, 0.9593333333333334, 0.9593333333333334, 0.96, 0.9620000000000001]",0.39866666666666667,0.9620000000000001,0.958
142,gaussian,15.0,knn,0.2,LGC,0.9990000000000001,False,0.15,spiral_hard,3.644431829452514,0.1,,,20,0.8473666666666666,0.07732168734147833,"[0.7033333333333334, 0.718, 0.762, 0.778, 0.784, 0.8006666666666666, 0.8073333333333333, 0.8086666666666666, 0.8106666666666666, 0.8346666666666667, 0.8713333333333333, 0.872, 0.8806666666666667, 0.8813333333333333, 0.9013333333333332, 0.91, 0.922, 0.9540000000000001, 0.968, 0.9793333333333332]",0.7033333333333334,0.9793333333333332,0.853
143,gaussian,15.0,knn,0.2,LGC,0.9,False,0.3,spiral_hard,2.526942014694214,0.01,,,20,0.6429333333333334,0.060860642272143155,"[0.5286666666666666, 0.5606666666666666, 0.564, 0.5820000000000001, 0.5906666666666667, 0.6006666666666667, 0.6013333333333334, 0.6346666666666667, 0.636, 0.6366666666666667, 0.6406666666666667, 0.6546666666666666, 0.6646666666666666, 0.6686666666666666, 0.6713333333333333, 0.6926666666666667, 0.7106666666666667, 0.7233333333333334, 0.742, 0.7546666666666667]",0.5286666666666666,0.7546666666666667,0.6386666666666667
144,gaussian,15.0,knn,0.2,LGC,0.2,False,0.1,spiral_hard,3.778609752655029,0.1,,,20,0.9079333333333333,0.016305282034427448,"[0.8713333333333333, 0.8813333333333333, 0.884, 0.8933333333333333, 0.8986666666666666, 0.9006666666666666, 0.9033333333333332, 0.904, 0.9093333333333332, 0.9093333333333332, 0.91, 0.914, 0.914, 0.9173333333333332, 0.9173333333333332, 0.9173333333333332, 0.92, 0.922, 0.9293333333333332, 0.9420000000000001]",0.8713333333333333,0.9420000000000001,0.9096666666666666
145,gaussian,15.0,knn,0.2,LGC,0.0001,False,0.1,spiral_hard,3.06864595413208,0.1,,,20,0.8869666666666666,0.0200670819447616,"[0.8506666666666667, 0.8526666666666667, 0.8613333333333333, 0.866, 0.866, 0.8666666666666667, 0.8713333333333333, 0.8859999999999999, 0.888, 0.8893333333333333, 0.8953333333333333, 0.8993333333333333, 0.9, 0.9006666666666666, 0.9013333333333332, 0.902, 0.9026666666666666, 0.9106666666666666, 0.9133333333333332, 0.9159999999999999]",0.8506666666666667,0.9159999999999999,0.8923333333333333
146,gaussian,15.0,knn,0.2,RF,,False,0.35,spiral_hard,0.2383666038513184,0.1,,,20,0.6720666666666666,0.03323645923112484,"[0.598, 0.6073333333333333, 0.6313333333333333, 0.65, 0.6546666666666666, 0.6613333333333333, 0.6646666666666666, 0.6646666666666666, 0.6693333333333333, 0.67, 0.6726666666666666, 0.6753333333333333, 0.6779999999999999, 0.6886666666666666, 0.6913333333333334, 0.7033333333333334, 0.7053333333333334, 0.708, 0.7106666666666667, 0.7366666666666667]",0.598,0.7366666666666667,0.6713333333333333
147,gaussian,15.0,knn,0.2,LDST,,False,0.15,spiral_hard,28.96374034881592,0.1,99.0,1.0,20,0.9714666666666666,0.020286393907685486,"[0.8833333333333333, 0.9726666666666668, 0.9733333333333334, 0.9740000000000001, 0.9740000000000001, 0.9746666666666668, 0.9746666666666668, 0.976, 0.976, 0.9766666666666668, 0.9766666666666668, 0.9766666666666668, 0.9766666666666668, 0.9773333333333334, 0.9773333333333334, 0.9773333333333334, 0.9773333333333334, 0.9773333333333334, 0.9786666666666668, 0.9786666666666668]",0.8833333333333333,0.9786666666666668,0.9766666666666668
148,gaussian,15.0,knn,0.2,RF,,False,0.3,spiral_hard,0.2789292335510254,0.1,,,20,0.7215333333333334,0.030143434885007158,"[0.6753333333333333, 0.68, 0.6886666666666666, 0.69, 0.6966666666666667, 0.6986666666666667, 0.7013333333333334, 0.7040000000000001, 0.7046666666666667, 0.7066666666666667, 0.7213333333333334, 0.7353333333333333, 0.7366666666666667, 0.7386666666666667, 0.7433333333333333, 0.7473333333333333, 0.7533333333333333, 0.7646666666666667, 0.7666666666666667, 0.7773333333333333]",0.6753333333333333,0.7773333333333333,0.714
149,gaussian,15.0,knn,0.2,LGC,0.0001,False,0.25,spiral_hard,1.1623058319091797,0.01,,,20,0.6164666666666667,0.04669527694412883,"[0.5266666666666666, 0.5486666666666666, 0.57, 0.574, 0.5760000000000001, 0.598, 0.6, 0.604, 0.606, 0.616, 0.6193333333333333, 0.62, 0.6233333333333333, 0.628, 0.6353333333333333, 0.636, 0.6633333333333333, 0.6706666666666666, 0.6753333333333333, 0.7386666666666667]",0.5266666666666666,0.7386666666666667,0.6176666666666666
150,gaussian,15.0,knn,0.2,LDST,,False,0.1,spiral_hard,33.328819036483765,0.01,99.0,2.0,20,0.8212333333333334,0.28818399022538055,"[0.21, 0.2786666666666667, 0.2826666666666667, 0.3653333333333333, 0.5153333333333333, 0.9833333333333332, 0.9840000000000001, 0.9840000000000001, 0.9840000000000001, 0.9840000000000001, 0.9840000000000001, 0.9846666666666668, 0.9846666666666668, 0.9846666666666668, 0.9853333333333332, 0.986, 0.986, 0.986, 0.986, 0.986]",0.21,0.986,0.9840000000000001
151,gaussian,15.0,knn,0.2,GTAM,,False,0.35,spiral_hard,20.407920837402344,0.01,99.0,0.0,20,0.7780666666666667,0.2617106884413483,"[0.2833333333333333, 0.36466666666666653, 0.4233333333333333, 0.44533333333333336, 0.4773333333333333, 0.508, 0.5306666666666666, 0.7606666666666667, 0.9706666666666668, 0.9753333333333334, 0.9766666666666668, 0.9806666666666668, 0.982, 0.9826666666666668, 0.9826666666666668, 0.9826666666666668, 0.9833333333333332, 0.9833333333333332, 0.9840000000000001, 0.9840000000000001]",0.2833333333333333,0.9840000000000001,0.9760000000000001
152,gaussian,15.0,knn,0.2,LDST,,False,0.3,spiral_hard,18.802230358123783,0.01,99.0,0.25,20,0.6840333333333333,0.3829644877647128,"[0.02266666666666667, 0.02333333333333333, 0.02466666666666667, 0.276, 0.2773333333333333, 0.278, 0.4766666666666667, 0.528, 0.9513333333333334, 0.9826666666666668, 0.9833333333333332, 0.9833333333333332, 0.9833333333333332, 0.9840000000000001, 0.9840000000000001, 0.9840000000000001, 0.9840000000000001, 0.9840000000000001, 0.9846666666666668, 0.9853333333333332]",0.02266666666666667,0.9853333333333332,0.983
153,gaussian,15.0,knn,0.2,LDST,,False,0.2,spiral_hard,34.50445795059204,0.01,99.0,0.25,20,0.8983000000000002,0.20703295228859908,"[0.28, 0.42866666666666653, 0.5366666666666666, 0.9813333333333332, 0.982, 0.9826666666666668, 0.9826666666666668, 0.9826666666666668, 0.9833333333333332, 0.9833333333333332, 0.9833333333333332, 0.9833333333333332, 0.9833333333333332, 0.9840000000000001, 0.9840000000000001, 0.9846666666666668, 0.9846666666666668, 0.9846666666666668, 0.9846666666666668, 0.986]",0.28,0.986,0.9833333333333332
154,gaussian,15.0,knn,0.2,LGC,0.2,False,0.0,spiral_hard,3.895218849182129,0.1,,,20,0.9709333333333335,0.005840091323486911,"[0.956, 0.96, 0.9626666666666668, 0.9666666666666668, 0.9673333333333334, 0.97, 0.97, 0.9706666666666668, 0.9706666666666668, 0.972, 0.9726666666666668, 0.9726666666666668, 0.9740000000000001, 0.9746666666666668, 0.9746666666666668, 0.9746666666666668, 0.9753333333333334, 0.9766666666666668, 0.9766666666666668, 0.9806666666666668]",0.956,0.9806666666666668,0.9723333333333334
155,gaussian,15.0,knn,0.2,LGC,0.9,False,0.25,spiral_hard,2.0924763679504395,0.01,,,20,0.6315666666666667,0.044631964131351225,"[0.5373333333333333, 0.5626666666666666, 0.58, 0.5966666666666667, 0.5986666666666667, 0.6, 0.6166666666666667, 0.6226666666666667, 0.6233333333333333, 0.6253333333333333, 0.6273333333333333, 0.634, 0.634, 0.6413333333333333, 0.6779999999999999, 0.6833333333333333, 0.6893333333333334, 0.6906666666666667, 0.6926666666666667, 0.6973333333333334]",0.5373333333333333,0.6973333333333334,0.6263333333333333
156,gaussian,15.0,knn,0.2,LDST,,False,0.4,spiral_hard,20.324273586273197,0.01,99.0,0.25,20,0.5568333333333333,0.3807787852984109,"[0.01933333333333333, 0.02, 0.02, 0.024, 0.14400000000000002, 0.276, 0.282, 0.4166666666666667, 0.478, 0.5013333333333333, 0.5246666666666666, 0.652, 0.902, 0.98, 0.9813333333333332, 0.982, 0.9826666666666668, 0.9833333333333332, 0.9833333333333332, 0.9840000000000001]",0.01933333333333333,0.9840000000000001,0.5129999999999999
157,gaussian,15.0,knn,0.2,LDST,,False,0.0,spiral_hard,26.62242794036865,0.1,99.0,1.0,20,0.9878666666666666,0.0019390719429665333,"[0.9853333333333332, 0.9853333333333332, 0.9853333333333332, 0.9853333333333332, 0.986, 0.986, 0.9866666666666668, 0.9873333333333332, 0.9873333333333332, 0.988, 0.988, 0.988, 0.988, 0.9893333333333332, 0.9893333333333332, 0.9893333333333332, 0.9893333333333332, 0.9906666666666668, 0.9913333333333332, 0.9913333333333332]",0.9853333333333332,0.9913333333333332,0.988
158,gaussian,15.0,knn,0.2,LGC,0.0001,False,0.35,spiral_hard,0.8234193325042725,0.01,,,20,0.5690666666666668,0.05029000342458176,"[0.45399999999999996, 0.4806666666666667, 0.5106666666666667, 0.5133333333333333, 0.5166666666666667, 0.5446666666666666, 0.552, 0.5626666666666666, 0.5706666666666667, 0.5773333333333334, 0.58, 0.5920000000000001, 0.5993333333333334, 0.6026666666666667, 0.604, 0.614, 0.6213333333333333, 0.6246666666666667, 0.6286666666666667, 0.632]",0.45399999999999996,0.632,0.5786666666666667
159,gaussian,15.0,knn,0.2,LDST,,False,0.35,spiral_hard,28.14935827255249,0.01,99.0,2.0,20,0.5299666666666667,0.3641746513236015,"[0.013999999999999999, 0.016666666666666666, 0.017333333333333333, 0.022000000000000002, 0.064, 0.276, 0.38866666666666666, 0.4626666666666666, 0.46399999999999997, 0.4653333333333333, 0.5366666666666666, 0.5760000000000001, 0.6213333333333333, 0.828, 0.9279999999999999, 0.982, 0.9826666666666668, 0.9846666666666668, 0.9846666666666668, 0.9846666666666668]",0.013999999999999999,0.9846666666666668,0.501
