,aff_sigma,corruption_level,can_plot,aff_k,algorithm,labeled_percent,aff_dist_func,aff_mask_func,dataset,elapsed_time,experiments,mean_acc,sd_acc,each_acc,min_acc,max_acc,median_acc
0,0.2,0.0,False,15.0,LP,0.01,gaussian,knn,spiral_hard,3.8808188438415527,20,0.7713333333333334,0.06319915611250937,"[0.6940000000000001, 0.6940000000000001, 0.6940000000000001, 0.6940000000000001, 0.6940000000000001, 0.6940000000000001, 0.6940000000000001, 0.6940000000000001, 0.818, 0.818, 0.818, 0.818, 0.8253333333333334, 0.8253333333333334, 0.8253333333333334, 0.8253333333333334, 0.8253333333333334, 0.8253333333333334, 0.8253333333333334, 0.8253333333333334]",0.6940000000000001,0.8253333333333334,0.818
1,0.2,0.2,False,15.0,LP,0.1,gaussian,knn,spiral,0.5281808376312256,20,0.9391999999999999,0.020816232981871605,"[0.9213333333333332, 0.9213333333333332, 0.9213333333333332, 0.9213333333333332, 0.9213333333333332, 0.9213333333333332, 0.9213333333333332, 0.9213333333333332, 0.924, 0.924, 0.924, 0.924, 0.9646666666666668, 0.9646666666666668, 0.9646666666666668, 0.9646666666666668, 0.9646666666666668, 0.9646666666666668, 0.9646666666666668, 0.9646666666666668]",0.9213333333333332,0.9646666666666668,0.924
2,0.2,0.15,False,15.0,LP,0.05,gaussian,knn,spiral_hard,2.1814165115356445,20,0.8994666666666665,0.018078348007123515,"[0.8653333333333333, 0.8653333333333333, 0.8653333333333333, 0.8653333333333333, 0.9013333333333332, 0.9013333333333332, 0.9013333333333332, 0.9013333333333332, 0.9013333333333332, 0.9013333333333332, 0.9013333333333332, 0.9013333333333332, 0.9146666666666666, 0.9146666666666666, 0.9146666666666666, 0.9146666666666666, 0.9146666666666666, 0.9146666666666666, 0.9146666666666666, 0.9146666666666666]",0.8653333333333333,0.9146666666666666,0.9013333333333332
3,0.2,0.35,False,15.0,LP,0.01,gaussian,knn,spiral_hard,3.88468074798584,20,0.6353333333333333,0.06171907682754535,"[0.5666666666666667, 0.5666666666666667, 0.5666666666666667, 0.5666666666666667, 0.5666666666666667, 0.5666666666666667, 0.5666666666666667, 0.5666666666666667, 0.634, 0.634, 0.634, 0.634, 0.7046666666666667, 0.7046666666666667, 0.7046666666666667, 0.7046666666666667, 0.7046666666666667, 0.7046666666666667, 0.7046666666666667, 0.7046666666666667]",0.5666666666666667,0.7046666666666667,0.634
4,0.2,0.1,False,15.0,LP,0.5,gaussian,knn,spiral_hard,1.4200756549835205,20,0.9438666666666669,0.001543444920372021,"[0.9420000000000001, 0.9420000000000001, 0.9420000000000001, 0.9420000000000001, 0.9420000000000001, 0.9420000000000001, 0.9420000000000001, 0.9420000000000001, 0.9446666666666668, 0.9446666666666668, 0.9446666666666668, 0.9446666666666668, 0.9453333333333334, 0.9453333333333334, 0.9453333333333334, 0.9453333333333334, 0.9453333333333334, 0.9453333333333334, 0.9453333333333334, 0.9453333333333334]",0.9420000000000001,0.9453333333333334,0.9446666666666668
5,0.2,0.35,False,15.0,LP,0.05,gaussian,knn,spiral,2.201608180999756,20,0.7517333333333333,0.020254382241875465,"[0.716, 0.716, 0.716, 0.716, 0.75, 0.75, 0.75, 0.75, 0.75, 0.75, 0.75, 0.75, 0.7713333333333333, 0.7713333333333333, 0.7713333333333333, 0.7713333333333333, 0.7713333333333333, 0.7713333333333333, 0.7713333333333333, 0.7713333333333333]",0.716,0.7713333333333333,0.75
6,0.2,0.4,False,15.0,LP,0.1,gaussian,knn,spiral,5.22310209274292,20,0.6590666666666667,0.04769458389936253,"[0.6026666666666667, 0.6026666666666667, 0.6026666666666667, 0.6026666666666667, 0.6026666666666667, 0.6026666666666667, 0.6026666666666667, 0.6026666666666667, 0.674, 0.674, 0.674, 0.674, 0.708, 0.708, 0.708, 0.708, 0.708, 0.708, 0.708, 0.708]",0.6026666666666667,0.708,0.674
7,0.2,0.0,False,15.0,LP,0.01,gaussian,knn,spiral,3.0334150791168213,20,1.0,0.0,"[1.0, 1.0, 1.0, 1.0, 1.0, 1.0, 1.0, 1.0, 1.0, 1.0, 1.0, 1.0, 1.0, 1.0, 1.0, 1.0, 1.0, 1.0, 1.0, 1.0]",1.0,1.0,1.0
8,0.2,0.3,False,15.0,LP,0.5,gaussian,knn,spiral,1.6202468872070312,20,0.8252,0.006855978737163984,"[0.8166666666666667, 0.8166666666666667, 0.8166666666666667, 0.8166666666666667, 0.8213333333333334, 0.8213333333333334, 0.8213333333333334, 0.8213333333333334, 0.8213333333333334, 0.8213333333333334, 0.8213333333333334, 0.8213333333333334, 0.8333333333333334, 0.8333333333333334, 0.8333333333333334, 0.8333333333333334, 0.8333333333333334, 0.8333333333333334, 0.8333333333333334, 0.8333333333333334]",0.8166666666666667,0.8333333333333334,0.8213333333333334
9,0.2,0.35,False,15.0,LP,0.5,gaussian,knn,spiral_hard,1.175283670425415,20,0.7480000000000001,0.016918103387266018,"[0.7273333333333334, 0.7273333333333334, 0.7273333333333334, 0.7273333333333334, 0.7273333333333334, 0.7273333333333334, 0.7273333333333334, 0.7273333333333334, 0.7606666666666667, 0.7606666666666667, 0.7606666666666667, 0.7606666666666667, 0.7606666666666667, 0.7606666666666667, 0.7606666666666667, 0.7606666666666667, 0.764, 0.764, 0.764, 0.764]",0.7273333333333334,0.764,0.7606666666666667
10,0.2,0.4,False,15.0,LP,0.05,gaussian,knn,spiral_hard,2.2983217239379883,20,0.6706666666666666,0.07524537638065659,"[0.6053333333333333, 0.6053333333333333, 0.6053333333333333, 0.6053333333333333, 0.6053333333333333, 0.6053333333333333, 0.6053333333333333, 0.6053333333333333, 0.6173333333333333, 0.6173333333333333, 0.6173333333333333, 0.6173333333333333, 0.7626666666666667, 0.7626666666666667, 0.7626666666666667, 0.7626666666666667, 0.7626666666666667, 0.7626666666666667, 0.7626666666666667, 0.7626666666666667]",0.6053333333333333,0.7626666666666667,0.6173333333333333
11,0.2,0.2,False,15.0,LP,0.05,gaussian,knn,spiral,7.105143070220947,20,0.9046666666666667,0.021672306958164123,"[0.8646666666666667, 0.8646666666666667, 0.8646666666666667, 0.8646666666666667, 0.9053333333333332, 0.9053333333333332, 0.9053333333333332, 0.9053333333333332, 0.9053333333333332, 0.9053333333333332, 0.9053333333333332, 0.9053333333333332, 0.924, 0.924, 0.924, 0.924, 0.924, 0.924, 0.924, 0.924]",0.8646666666666667,0.924,0.9053333333333332
12,0.2,0.15,False,15.0,LP,0.01,gaussian,knn,spiral_hard,3.775928735733032,20,0.6164000000000001,0.022169448447005684,"[0.5913333333333334, 0.5913333333333334, 0.5913333333333334, 0.5913333333333334, 0.5913333333333334, 0.5913333333333334, 0.5913333333333334, 0.5913333333333334, 0.6253333333333333, 0.6253333333333333, 0.6253333333333333, 0.6253333333333333, 0.6253333333333333, 0.6253333333333333, 0.6253333333333333, 0.6253333333333333, 0.6486666666666666, 0.6486666666666666, 0.6486666666666666, 0.6486666666666666]",0.5913333333333334,0.6486666666666666,0.6253333333333333
13,0.2,0.35,False,15.0,LP,0.5,gaussian,knn,spiral,3.8834459781646733,20,0.7661333333333333,0.008352245207128413,"[0.7606666666666667, 0.7606666666666667, 0.7606666666666667, 0.7606666666666667, 0.7606666666666667, 0.7606666666666667, 0.7606666666666667, 0.7606666666666667, 0.7633333333333333, 0.7633333333333333, 0.7633333333333333, 0.7633333333333333, 0.7633333333333333, 0.7633333333333333, 0.7633333333333333, 0.7633333333333333, 0.7826666666666666, 0.7826666666666666, 0.7826666666666666, 0.7826666666666666]",0.7606666666666667,0.7826666666666666,0.7633333333333333
14,0.2,0.15,False,15.0,LP,0.05,gaussian,knn,spiral,1.5761384963989258,20,0.8918666666666667,0.03923128003689569,"[0.8440000000000001, 0.8440000000000001, 0.8440000000000001, 0.8440000000000001, 0.8440000000000001, 0.8440000000000001, 0.8440000000000001, 0.8440000000000001, 0.9206666666666666, 0.9206666666666666, 0.9206666666666666, 0.9206666666666666, 0.9206666666666666, 0.9206666666666666, 0.9206666666666666, 0.9206666666666666, 0.93, 0.93, 0.93, 0.93]",0.8440000000000001,0.93,0.9206666666666666
15,0.2,0.0,False,15.0,LP,0.05,gaussian,knn,spiral_hard,2.3070883750915527,20,0.973733333333333,0.017372263973229083,"[0.9526666666666668, 0.9526666666666668, 0.9526666666666668, 0.9526666666666668, 0.9526666666666668, 0.9526666666666668, 0.9526666666666668, 0.9526666666666668, 0.9833333333333332, 0.9833333333333332, 0.9833333333333332, 0.9833333333333332, 0.99, 0.99, 0.99, 0.99, 0.99, 0.99, 0.99, 0.99]",0.9526666666666668,0.99,0.9833333333333332
16,0.2,0.1,False,15.0,LP,0.05,gaussian,knn,spiral_hard,2.265864610671997,20,0.9090666666666667,0.03481149235525534,"[0.8666666666666667, 0.8666666666666667, 0.8666666666666667, 0.8666666666666667, 0.8666666666666667, 0.8666666666666667, 0.8666666666666667, 0.8666666666666667, 0.934, 0.934, 0.934, 0.934, 0.934, 0.934, 0.934, 0.934, 0.9440000000000001, 0.9440000000000001, 0.9440000000000001, 0.9440000000000001]",0.8666666666666667,0.9440000000000001,0.934
17,0.2,0.25,False,15.0,LP,0.01,gaussian,knn,spiral,3.648601531982422,20,0.8194666666666665,0.04647465258970029,"[0.7653333333333333, 0.7653333333333333, 0.7653333333333333, 0.7653333333333333, 0.7653333333333333, 0.7653333333333333, 0.7653333333333333, 0.7653333333333333, 0.8293333333333334, 0.8293333333333334, 0.8293333333333334, 0.8293333333333334, 0.8686666666666667, 0.8686666666666667, 0.8686666666666667, 0.8686666666666667, 0.8686666666666667, 0.8686666666666667, 0.8686666666666667, 0.8686666666666667]",0.7653333333333333,0.8686666666666667,0.8293333333333334
18,0.2,0.3,False,15.0,LP,0.05,gaussian,knn,spiral,2.6442701816558842,20,0.8246666666666667,0.034097898273451804,"[0.7926666666666666, 0.7926666666666666, 0.7926666666666666, 0.7926666666666666, 0.7926666666666666, 0.7926666666666666, 0.7926666666666666, 0.7926666666666666, 0.8059999999999999, 0.8059999999999999, 0.8059999999999999, 0.8059999999999999, 0.866, 0.866, 0.866, 0.866, 0.866, 0.866, 0.866, 0.866]",0.7926666666666666,0.866,0.8059999999999999
19,0.2,0.3,False,15.0,LP,0.05,gaussian,knn,spiral_hard,2.758859157562256,20,0.788,0.0576009259184839,"[0.72, 0.72, 0.72, 0.72, 0.72, 0.72, 0.72, 0.72, 0.8053333333333333, 0.8053333333333333, 0.8053333333333333, 0.8053333333333333, 0.8473333333333334, 0.8473333333333334, 0.8473333333333334, 0.8473333333333334, 0.8473333333333334, 0.8473333333333334, 0.8473333333333334, 0.8473333333333334]",0.72,0.8473333333333334,0.8053333333333333
20,0.2,0.3,False,15.0,LP,0.1,gaussian,knn,spiral_hard,6.0520734786987305,20,0.8231999999999999,0.0358797993305425,"[0.78, 0.78, 0.78, 0.78, 0.78, 0.78, 0.78, 0.78, 0.84, 0.84, 0.84, 0.84, 0.858, 0.858, 0.858, 0.858, 0.858, 0.858, 0.858, 0.858]",0.78,0.858,0.84
21,0.2,0.4,False,15.0,LP,0.01,gaussian,knn,spiral_hard,3.2101588249206543,20,0.5501333333333334,0.025250390536033736,"[0.5133333333333333, 0.5133333333333333, 0.5133333333333333, 0.5133333333333333, 0.54, 0.54, 0.54, 0.54, 0.54, 0.54, 0.54, 0.54, 0.5786666666666667, 0.5786666666666667, 0.5786666666666667, 0.5786666666666667, 0.5786666666666667, 0.5786666666666667, 0.5786666666666667, 0.5786666666666667]",0.5133333333333333,0.5786666666666667,0.54
22,0.2,0.15,False,15.0,LP,0.01,gaussian,knn,spiral,1.971562623977661,20,0.8675999999999998,0.02885550207499425,"[0.8333333333333334, 0.8333333333333334, 0.8333333333333334, 0.8333333333333334, 0.8333333333333334, 0.8333333333333334, 0.8333333333333334, 0.8333333333333334, 0.884, 0.884, 0.884, 0.884, 0.884, 0.884, 0.884, 0.884, 0.9033333333333332, 0.9033333333333332, 0.9033333333333332, 0.9033333333333332]",0.8333333333333334,0.9033333333333332,0.884
23,0.2,0.1,False,15.0,LP,0.5,gaussian,knn,spiral,1.1428365707397459,20,0.949333333333333,3.3306690738754696e-16,"[0.9493333333333334, 0.9493333333333334, 0.9493333333333334, 0.9493333333333334, 0.9493333333333334, 0.9493333333333334, 0.9493333333333334, 0.9493333333333334, 0.9493333333333334, 0.9493333333333334, 0.9493333333333334, 0.9493333333333334, 0.9493333333333334, 0.9493333333333334, 0.9493333333333334, 0.9493333333333334, 0.9493333333333334, 0.9493333333333334, 0.9493333333333334, 0.9493333333333334]",0.9493333333333334,0.9493333333333334,0.9493333333333334
24,0.2,0.1,False,15.0,LP,0.1,gaussian,knn,spiral,4.185705900192262,20,0.9893333333333334,2.220446049250313e-16,"[0.9893333333333332, 0.9893333333333332, 0.9893333333333332, 0.9893333333333332, 0.9893333333333332, 0.9893333333333332, 0.9893333333333332, 0.9893333333333332, 0.9893333333333332, 0.9893333333333332, 0.9893333333333332, 0.9893333333333332, 0.9893333333333332, 0.9893333333333332, 0.9893333333333332, 0.9893333333333332, 0.9893333333333332, 0.9893333333333332, 0.9893333333333332, 0.9893333333333332]",0.9893333333333332,0.9893333333333332,0.9893333333333332
25,0.2,0.1,False,15.0,LP,0.1,gaussian,knn,spiral_hard,2.8387236595153813,20,0.9638666666666668,0.008362880949635637,"[0.956, 0.956, 0.956, 0.956, 0.956, 0.956, 0.956, 0.956, 0.9593333333333334, 0.9593333333333334, 0.9593333333333334, 0.9593333333333334, 0.9740000000000001, 0.9740000000000001, 0.9740000000000001, 0.9740000000000001, 0.9740000000000001, 0.9740000000000001, 0.9740000000000001, 0.9740000000000001]",0.956,0.9740000000000001,0.9593333333333334
26,0.2,0.2,False,15.0,LP,0.01,gaussian,knn,spiral_hard,4.455970048904419,20,0.6700000000000002,0.03108411527166602,"[0.6326666666666667, 0.6326666666666667, 0.6326666666666667, 0.6326666666666667, 0.6326666666666667, 0.6326666666666667, 0.6326666666666667, 0.6326666666666667, 0.6893333333333334, 0.6893333333333334, 0.6893333333333334, 0.6893333333333334, 0.6893333333333334, 0.6893333333333334, 0.6893333333333334, 0.6893333333333334, 0.706, 0.706, 0.706, 0.706]",0.6326666666666667,0.706,0.6893333333333334
27,0.2,0.2,False,15.0,LP,0.5,gaussian,knn,spiral_hard,1.5709478855133057,20,0.8829333333333332,0.003255081497528966,"[0.8806666666666667, 0.8806666666666667, 0.8806666666666667, 0.8806666666666667, 0.8806666666666667, 0.8806666666666667, 0.8806666666666667, 0.8806666666666667, 0.882, 0.882, 0.882, 0.882, 0.882, 0.882, 0.882, 0.882, 0.8893333333333333, 0.8893333333333333, 0.8893333333333333, 0.8893333333333333]",0.8806666666666667,0.8893333333333333,0.882
28,0.2,0.4,False,15.0,LP,0.5,gaussian,knn,spiral,1.3536686897277832,20,0.6861333333333334,0.016096376403816306,"[0.6666666666666666, 0.6666666666666666, 0.6666666666666666, 0.6666666666666666, 0.6766666666666666, 0.6766666666666666, 0.6766666666666666, 0.6766666666666666, 0.6766666666666666, 0.6766666666666666, 0.6766666666666666, 0.6766666666666666, 0.7053333333333334, 0.7053333333333334, 0.7053333333333334, 0.7053333333333334, 0.7053333333333334, 0.7053333333333334, 0.7053333333333334, 0.7053333333333334]",0.6666666666666666,0.7053333333333334,0.6766666666666666
29,0.2,0.15,False,15.0,LP,0.5,gaussian,knn,spiral_hard,1.3804545402526855,20,0.9174666666666669,0.0020827332469085047,"[0.9153333333333332, 0.9153333333333332, 0.9153333333333332, 0.9153333333333332, 0.9159999999999999, 0.9159999999999999, 0.9159999999999999, 0.9159999999999999, 0.9159999999999999, 0.9159999999999999, 0.9159999999999999, 0.9159999999999999, 0.92, 0.92, 0.92, 0.92, 0.92, 0.92, 0.92, 0.92]",0.9153333333333332,0.92,0.9159999999999999
30,0.2,0.25,False,15.0,LP,0.1,gaussian,knn,spiral,1.6111040115356443,20,0.9120000000000001,0.02615169423022365,"[0.8846666666666667, 0.8846666666666667, 0.8846666666666667, 0.8846666666666667, 0.8846666666666667, 0.8846666666666667, 0.8846666666666667, 0.8846666666666667, 0.9053333333333332, 0.9053333333333332, 0.9053333333333332, 0.9053333333333332, 0.9426666666666668, 0.9426666666666668, 0.9426666666666668, 0.9426666666666668, 0.9426666666666668, 0.9426666666666668, 0.9426666666666668, 0.9426666666666668]",0.8846666666666667,0.9426666666666668,0.9053333333333332
31,0.2,0.15,False,15.0,LP,0.5,gaussian,knn,spiral,1.0077860355377195,20,0.9250666666666667,0.0005333333333332746,"[0.924, 0.924, 0.924, 0.924, 0.9253333333333332, 0.9253333333333332, 0.9253333333333332, 0.9253333333333332, 0.9253333333333332, 0.9253333333333332, 0.9253333333333332, 0.9253333333333332, 0.9253333333333332, 0.9253333333333332, 0.9253333333333332, 0.9253333333333332, 0.9253333333333332, 0.9253333333333332, 0.9253333333333332, 0.9253333333333332]",0.924,0.9253333333333332,0.9253333333333332
32,0.2,0.2,False,15.0,LP,0.5,gaussian,knn,spiral,1.2420353889465332,20,0.8968,0.0015434449203720212,"[0.8953333333333333, 0.8953333333333333, 0.8953333333333333, 0.8953333333333333, 0.8953333333333333, 0.8953333333333333, 0.8953333333333333, 0.8953333333333333, 0.8959999999999999, 0.8959999999999999, 0.8959999999999999, 0.8959999999999999, 0.8986666666666666, 0.8986666666666666, 0.8986666666666666, 0.8986666666666666, 0.8986666666666666, 0.8986666666666666, 0.8986666666666666, 0.8986666666666666]",0.8953333333333333,0.8986666666666666,0.8959999999999999
33,0.2,0.35,False,15.0,LP,0.01,gaussian,knn,spiral,3.48249888420105,20,0.6565333333333334,0.026684660595763837,"[0.63, 0.63, 0.63, 0.63, 0.63, 0.63, 0.63, 0.63, 0.66, 0.66, 0.66, 0.66, 0.66, 0.66, 0.66, 0.66, 0.7026666666666667, 0.7026666666666667, 0.7026666666666667, 0.7026666666666667]",0.63,0.7026666666666667,0.66
34,0.2,0.4,False,15.0,LP,0.5,gaussian,knn,spiral_hard,1.7631442546844482,20,0.6912,0.008277412370756682,"[0.684, 0.684, 0.684, 0.684, 0.6846666666666666, 0.6846666666666666, 0.6846666666666666, 0.6846666666666666, 0.6846666666666666, 0.6846666666666666, 0.6846666666666666, 0.6846666666666666, 0.7013333333333334, 0.7013333333333334, 0.7013333333333334, 0.7013333333333334, 0.7013333333333334, 0.7013333333333334, 0.7013333333333334, 0.7013333333333334]",0.684,0.7013333333333334,0.6846666666666666
35,0.2,0.3,False,15.0,LP,0.5,gaussian,knn,spiral_hard,1.6541855335235596,20,0.7916,0.003414999593297507,"[0.7886666666666666, 0.7886666666666666, 0.7886666666666666, 0.7886666666666666, 0.7886666666666666, 0.7886666666666666, 0.7886666666666666, 0.7886666666666666, 0.7913333333333333, 0.7913333333333333, 0.7913333333333333, 0.7913333333333333, 0.7913333333333333, 0.7913333333333333, 0.7913333333333333, 0.7913333333333333, 0.7979999999999999, 0.7979999999999999, 0.7979999999999999, 0.7979999999999999]",0.7886666666666666,0.7979999999999999,0.7913333333333333
36,0.2,0.3,False,15.0,LP,0.01,gaussian,knn,spiral,3.10805082321167,20,0.8094666666666667,0.07880259442993541,"[0.7273333333333334, 0.7273333333333334, 0.7273333333333334, 0.7273333333333334, 0.7273333333333334, 0.7273333333333334, 0.7273333333333334, 0.7273333333333334, 0.7886666666666666, 0.7886666666666666, 0.7886666666666666, 0.7886666666666666, 0.902, 0.902, 0.902, 0.902, 0.902, 0.902, 0.902, 0.902]",0.7273333333333334,0.902,0.7886666666666666
37,0.2,0.0,False,15.0,LP,0.1,gaussian,knn,spiral,2.047879934310913,20,1.0,0.0,"[1.0, 1.0, 1.0, 1.0, 1.0, 1.0, 1.0, 1.0, 1.0, 1.0, 1.0, 1.0, 1.0, 1.0, 1.0, 1.0, 1.0, 1.0, 1.0, 1.0]",1.0,1.0,1.0
38,0.2,0.1,False,15.0,LP,0.05,gaussian,knn,spiral,3.0623040199279785,20,0.9750666666666667,0.010229369482035545,"[0.9566666666666668, 0.9566666666666668, 0.9566666666666668, 0.9566666666666668, 0.9746666666666668, 0.9746666666666668, 0.9746666666666668, 0.9746666666666668, 0.9746666666666668, 0.9746666666666668, 0.9746666666666668, 0.9746666666666668, 0.9846666666666668, 0.9846666666666668, 0.9846666666666668, 0.9846666666666668, 0.9846666666666668, 0.9846666666666668, 0.9846666666666668, 0.9846666666666668]",0.9566666666666668,0.9846666666666668,0.9746666666666668
39,0.2,0.4,False,15.0,LP,0.1,gaussian,knn,spiral_hard,1.1900627613067627,20,0.6477333333333334,0.028855502074994318,"[0.6313333333333333, 0.6313333333333333, 0.6313333333333333, 0.6313333333333333, 0.6313333333333333, 0.6313333333333333, 0.6313333333333333, 0.6313333333333333, 0.6353333333333333, 0.6353333333333333, 0.6353333333333333, 0.6353333333333333, 0.6353333333333333, 0.6353333333333333, 0.6353333333333333, 0.6353333333333333, 0.7053333333333334, 0.7053333333333334, 0.7053333333333334, 0.7053333333333334]",0.6313333333333333,0.7053333333333334,0.6353333333333333
40,0.2,0.4,False,15.0,LP,0.05,gaussian,knn,spiral,1.6761019229888916,20,0.6293333333333333,0.05168623285427822,"[0.57, 0.57, 0.57, 0.57, 0.57, 0.57, 0.57, 0.57, 0.636, 0.636, 0.636, 0.636, 0.6853333333333333, 0.6853333333333333, 0.6853333333333333, 0.6853333333333333, 0.6853333333333333, 0.6853333333333333, 0.6853333333333333, 0.6853333333333333]",0.57,0.6853333333333333,0.636
41,0.2,0.25,False,15.0,LP,0.5,gaussian,knn,spiral_hard,1.3516271114349363,20,0.8478666666666668,0.004814792022738055,"[0.8420000000000001, 0.8420000000000001, 0.8420000000000001, 0.8420000000000001, 0.8420000000000001, 0.8420000000000001, 0.8420000000000001, 0.8420000000000001, 0.8513333333333334, 0.8513333333333334, 0.8513333333333334, 0.8513333333333334, 0.8513333333333334, 0.8513333333333334, 0.8513333333333334, 0.8513333333333334, 0.8526666666666667, 0.8526666666666667, 0.8526666666666667, 0.8526666666666667]",0.8420000000000001,0.8526666666666667,0.8513333333333334
42,0.2,0.35,False,15.0,LP,0.1,gaussian,knn,spiral,1.8861267566680908,20,0.7742666666666667,0.02903362035832101,"[0.754, 0.754, 0.754, 0.754, 0.754, 0.754, 0.754, 0.754, 0.7659999999999999, 0.7659999999999999, 0.7659999999999999, 0.7659999999999999, 0.7659999999999999, 0.7659999999999999, 0.7659999999999999, 0.7659999999999999, 0.8313333333333334, 0.8313333333333334, 0.8313333333333334, 0.8313333333333334]",0.754,0.8313333333333334,0.7659999999999999
43,0.2,0.35,False,15.0,LP,0.1,gaussian,knn,spiral_hard,2.3187625408172607,20,0.7713333333333333,0.02007541337612308,"[0.748, 0.748, 0.748, 0.748, 0.748, 0.748, 0.748, 0.748, 0.7753333333333333, 0.7753333333333333, 0.7753333333333333, 0.7753333333333333, 0.7926666666666666, 0.7926666666666666, 0.7926666666666666, 0.7926666666666666, 0.7926666666666666, 0.7926666666666666, 0.7926666666666666, 0.7926666666666666]",0.748,0.7926666666666666,0.7753333333333333
44,0.2,0.35,False,15.0,LP,0.05,gaussian,knn,spiral_hard,1.5426337718963623,20,0.7032,0.05274744859548501,"[0.6386666666666667, 0.6386666666666667, 0.6386666666666667, 0.6386666666666667, 0.6386666666666667, 0.6386666666666667, 0.6386666666666667, 0.6386666666666667, 0.7440000000000001, 0.7440000000000001, 0.7440000000000001, 0.7440000000000001, 0.7440000000000001, 0.7440000000000001, 0.7440000000000001, 0.7440000000000001, 0.7506666666666667, 0.7506666666666667, 0.7506666666666667, 0.7506666666666667]",0.6386666666666667,0.7506666666666667,0.7440000000000001
45,0.2,0.0,False,15.0,LP,0.1,gaussian,knn,spiral_hard,1.8489031791687007,20,0.9888,0.0024000000000000024,"[0.986, 0.986, 0.986, 0.986, 0.986, 0.986, 0.986, 0.986, 0.99, 0.99, 0.99, 0.99, 0.99, 0.99, 0.99, 0.99, 0.992, 0.992, 0.992, 0.992]",0.986,0.992,0.99
46,0.2,0.0,False,15.0,LP,0.5,gaussian,knn,spiral,2.2080485820770264,20,1.0,0.0,"[1.0, 1.0, 1.0, 1.0, 1.0, 1.0, 1.0, 1.0, 1.0, 1.0, 1.0, 1.0, 1.0, 1.0, 1.0, 1.0, 1.0, 1.0, 1.0, 1.0]",1.0,1.0,1.0
47,0.2,0.2,False,15.0,LP,0.1,gaussian,knn,spiral_hard,1.3502359390258791,20,0.9145333333333333,0.020935456367925986,"[0.89, 0.89, 0.89, 0.89, 0.89, 0.89, 0.89, 0.89, 0.9253333333333332, 0.9253333333333332, 0.9253333333333332, 0.9253333333333332, 0.9253333333333332, 0.9253333333333332, 0.9253333333333332, 0.9253333333333332, 0.9420000000000001, 0.9420000000000001, 0.9420000000000001, 0.9420000000000001]",0.89,0.9420000000000001,0.9253333333333332
48,0.2,0.25,False,15.0,LP,0.1,gaussian,knn,spiral_hard,3.2507402896881104,20,0.8633333333333335,0.0217786847883685,"[0.838, 0.838, 0.838, 0.838, 0.838, 0.838, 0.838, 0.838, 0.8740000000000001, 0.8740000000000001, 0.8740000000000001, 0.8740000000000001, 0.8740000000000001, 0.8740000000000001, 0.8740000000000001, 0.8740000000000001, 0.8926666666666667, 0.8926666666666667, 0.8926666666666667, 0.8926666666666667]",0.838,0.8926666666666667,0.8740000000000001
49,0.2,0.25,False,15.0,LP,0.01,gaussian,knn,spiral_hard,2.083603382110596,20,0.6101333333333333,0.09549534020045165,"[0.4953333333333334, 0.4953333333333334, 0.4953333333333334, 0.4953333333333334, 0.4953333333333334, 0.4953333333333334, 0.4953333333333334, 0.4953333333333334, 0.6533333333333333, 0.6533333333333333, 0.6533333333333333, 0.6533333333333333, 0.7033333333333334, 0.7033333333333334, 0.7033333333333334, 0.7033333333333334, 0.7033333333333334, 0.7033333333333334, 0.7033333333333334, 0.7033333333333334]",0.4953333333333334,0.7033333333333334,0.6533333333333333
50,0.2,0.0,False,15.0,LP,0.05,gaussian,knn,spiral,0.8930809497833252,20,1.0,0.0,"[1.0, 1.0, 1.0, 1.0, 1.0, 1.0, 1.0, 1.0, 1.0, 1.0, 1.0, 1.0, 1.0, 1.0, 1.0, 1.0, 1.0, 1.0, 1.0, 1.0]",1.0,1.0,1.0
51,0.2,0.25,False,15.0,LP,0.05,gaussian,knn,spiral_hard,4.52529239654541,20,0.8389333333333333,0.020692886593115887,"[0.8013333333333333, 0.8013333333333333, 0.8013333333333333, 0.8013333333333333, 0.8386666666666667, 0.8386666666666667, 0.8386666666666667, 0.8386666666666667, 0.8386666666666667, 0.8386666666666667, 0.8386666666666667, 0.8386666666666667, 0.858, 0.858, 0.858, 0.858, 0.858, 0.858, 0.858, 0.858]",0.8013333333333333,0.858,0.8386666666666667
52,0.2,0.25,False,15.0,LP,0.5,gaussian,knn,spiral,1.6631572246551514,20,0.8624,0.007584780081774893,"[0.848, 0.848, 0.848, 0.848, 0.8633333333333333, 0.8633333333333333, 0.8633333333333333, 0.8633333333333333, 0.8633333333333333, 0.8633333333333333, 0.8633333333333333, 0.8633333333333333, 0.8686666666666667, 0.8686666666666667, 0.8686666666666667, 0.8686666666666667, 0.8686666666666667, 0.8686666666666667, 0.8686666666666667, 0.8686666666666667]",0.848,0.8686666666666667,0.8633333333333333
53,0.2,0.2,False,15.0,LP,0.01,gaussian,knn,spiral,3.7502474784851074,20,0.8321333333333334,0.018515579025962618,"[0.812, 0.812, 0.812, 0.812, 0.812, 0.812, 0.812, 0.812, 0.83, 0.83, 0.83, 0.83, 0.8533333333333334, 0.8533333333333334, 0.8533333333333334, 0.8533333333333334, 0.8533333333333334, 0.8533333333333334, 0.8533333333333334, 0.8533333333333334]",0.812,0.8533333333333334,0.83
54,0.2,0.1,False,15.0,LP,0.01,gaussian,knn,spiral_hard,4.8014276027679434,20,0.6465333333333333,0.08784471147048828,"[0.5433333333333333, 0.5433333333333333, 0.5433333333333333, 0.5433333333333333, 0.5433333333333333, 0.5433333333333333, 0.5433333333333333, 0.5433333333333333, 0.6926666666666667, 0.6926666666666667, 0.6926666666666667, 0.6926666666666667, 0.6926666666666667, 0.6926666666666667, 0.6926666666666667, 0.6926666666666667, 0.7606666666666667, 0.7606666666666667, 0.7606666666666667, 0.7606666666666667]",0.5433333333333333,0.7606666666666667,0.6926666666666667
55,0.2,0.15,False,15.0,LP,0.1,gaussian,knn,spiral,3.521757841110229,20,0.9746666666666665,0.005448751131120591,"[0.97, 0.97, 0.97, 0.97, 0.97, 0.97, 0.97, 0.97, 0.9706666666666668, 0.9706666666666668, 0.9706666666666668, 0.9706666666666668, 0.9813333333333332, 0.9813333333333332, 0.9813333333333332, 0.9813333333333332, 0.9813333333333332, 0.9813333333333332, 0.9813333333333332, 0.9813333333333332]",0.97,0.9813333333333332,0.9706666666666668
56,0.2,0.25,False,15.0,LP,0.05,gaussian,knn,spiral,4.988801956176758,20,0.8949333333333334,0.029383593305713218,"[0.86, 0.86, 0.86, 0.86, 0.86, 0.86, 0.86, 0.86, 0.9053333333333332, 0.9053333333333332, 0.9053333333333332, 0.9053333333333332, 0.9246666666666666, 0.9246666666666666, 0.9246666666666666, 0.9246666666666666, 0.9246666666666666, 0.9246666666666666, 0.9246666666666666, 0.9246666666666666]",0.86,0.9246666666666666,0.9053333333333332
57,0.2,0.2,False,15.0,LP,0.05,gaussian,knn,spiral_hard,4.765019416809082,20,0.8621333333333332,0.023647034110480327,"[0.8486666666666667, 0.8486666666666667, 0.8486666666666667, 0.8486666666666667, 0.8486666666666667, 0.8486666666666667, 0.8486666666666667, 0.8486666666666667, 0.852, 0.852, 0.852, 0.852, 0.852, 0.852, 0.852, 0.852, 0.9093333333333332, 0.9093333333333332, 0.9093333333333332, 0.9093333333333332]",0.8486666666666667,0.9093333333333332,0.852
58,0.2,0.3,False,15.0,LP,0.1,gaussian,knn,spiral,5.093332529067993,20,0.8269333333333332,0.017751870011040765,"[0.812, 0.812, 0.812, 0.812, 0.812, 0.812, 0.812, 0.812, 0.8133333333333334, 0.8133333333333334, 0.8133333333333334, 0.8133333333333334, 0.8486666666666667, 0.8486666666666667, 0.8486666666666667, 0.8486666666666667, 0.8486666666666667, 0.8486666666666667, 0.8486666666666667, 0.8486666666666667]",0.812,0.8486666666666667,0.8133333333333334
59,0.2,0.0,False,15.0,LP,0.5,gaussian,knn,spiral_hard,0.7951920032501221,20,0.9959999999999999,0.0014605934866804443,"[0.9933333333333332, 0.9933333333333332, 0.9933333333333332, 0.9933333333333332, 0.996, 0.996, 0.996, 0.996, 0.996, 0.996, 0.996, 0.996, 0.9973333333333332, 0.9973333333333332, 0.9973333333333332, 0.9973333333333332, 0.9973333333333332, 0.9973333333333332, 0.9973333333333332, 0.9973333333333332]",0.9933333333333332,0.9973333333333332,0.996
60,0.2,0.3,False,15.0,LP,0.01,gaussian,knn,spiral_hard,3.9181635379791264,20,0.612,0.03204996099841619,"[0.594, 0.594, 0.594, 0.594, 0.594, 0.594, 0.594, 0.594, 0.598, 0.598, 0.598, 0.598, 0.598, 0.598, 0.598, 0.598, 0.6759999999999999, 0.6759999999999999, 0.6759999999999999, 0.6759999999999999]",0.594,0.6759999999999999,0.598
61,0.2,0.15,False,15.0,LP,0.1,gaussian,knn,spiral_hard,2.717247009277344,20,0.9470666666666668,0.01790642342847958,"[0.9266666666666666, 0.9266666666666666, 0.9266666666666666, 0.9266666666666666, 0.9266666666666666, 0.9266666666666666, 0.9266666666666666, 0.9266666666666666, 0.9546666666666668, 0.9546666666666668, 0.9546666666666668, 0.9546666666666668, 0.9546666666666668, 0.9546666666666668, 0.9546666666666668, 0.9546666666666668, 0.9726666666666668, 0.9726666666666668, 0.9726666666666668, 0.9726666666666668]",0.9266666666666666,0.9726666666666668,0.9546666666666668
62,0.2,0.1,False,15.0,LP,0.01,gaussian,knn,spiral,3.2774965763092037,20,0.9650666666666666,0.03737997086973491,"[0.9193333333333332, 0.9193333333333332, 0.9193333333333332, 0.9193333333333332, 0.9193333333333332, 0.9193333333333332, 0.9193333333333332, 0.9193333333333332, 0.9940000000000001, 0.9940000000000001, 0.9940000000000001, 0.9940000000000001, 0.9940000000000001, 0.9940000000000001, 0.9940000000000001, 0.9940000000000001, 0.9986666666666668, 0.9986666666666668, 0.9986666666666668, 0.9986666666666668]",0.9193333333333332,0.9986666666666668,0.9940000000000001
63,0.2,0.4,False,15.0,LP,0.01,gaussian,knn,spiral,4.755512714385986,20,0.6012,0.10961459756802466,"[0.4673333333333333, 0.4673333333333333, 0.4673333333333333, 0.4673333333333333, 0.4673333333333333, 0.4673333333333333, 0.4673333333333333, 0.4673333333333333, 0.6753333333333333, 0.6753333333333333, 0.6753333333333333, 0.6753333333333333, 0.698, 0.698, 0.698, 0.698, 0.698, 0.698, 0.698, 0.698]",0.4673333333333333,0.698,0.6753333333333333
